STATION,route_id,hour,direction_id,weekday,current_crowd,last_month_crowd,last_year_crowd
103 ST-CORONA,7,0,0.0,0,3.0,2.0,39.0
103 ST-CORONA,7,0,0.0,1,2.0,3.0,10.0
103 ST-CORONA,7,0,1.0,0,9.0,5.0,254.0
103 ST-CORONA,7,0,1.0,1,9.0,6.0,91.0
103 ST-CORONA,7,1,0.0,0,3.0,3.0,16.0
103 ST-CORONA,7,1,0.0,1,5.0,3.0,36.0
103 ST-CORONA,7,1,1.0,0,4.0,2.0,233.0
103 ST-CORONA,7,1,1.0,1,7.0,4.0,97.0
103 ST-CORONA,7,2,0.0,0,0.0,0.0,18.0
103 ST-CORONA,7,2,0.0,1,0.0,0.0,46.0
103 ST-CORONA,7,2,1.0,0,0.0,0.0,55.0
103 ST-CORONA,7,2,1.0,1,0.0,0.0,28.0
103 ST-CORONA,7,3,0.0,0,0.0,0.0,56.0
103 ST-CORONA,7,3,0.0,1,0.0,0.0,62.0
103 ST-CORONA,7,3,1.0,0,0.0,0.0,24.0
103 ST-CORONA,7,3,1.0,1,0.0,0.0,23.0
103 ST-CORONA,7,4,0.0,0,0.0,0.0,48.0
103 ST-CORONA,7,4,0.0,1,0.0,0.0,49.0
103 ST-CORONA,7,4,1.0,0,0.0,0.0,12.0
103 ST-CORONA,7,4,1.0,1,0.0,0.0,16.0
103 ST-CORONA,7,5,0.0,0,3.0,1.0,4.0
103 ST-CORONA,7,5,0.0,1,3.0,4.0,32.0
103 ST-CORONA,7,5,1.0,0,4.0,2.0,0.0
103 ST-CORONA,7,5,1.0,1,0.0,1.0,7.0
103 ST-CORONA,7,6,0.0,0,5.0,1.0,33.0
103 ST-CORONA,7,6,0.0,1,14.0,8.0,20.0
103 ST-CORONA,7,6,1.0,0,6.0,4.0,10.0
103 ST-CORONA,7,6,1.0,1,0.0,1.0,12.0
103 ST-CORONA,7,7,0.0,0,2.0,2.0,32.0
103 ST-CORONA,7,7,0.0,1,18.0,13.0,13.0
103 ST-CORONA,7,7,1.0,0,12.0,6.0,38.0
103 ST-CORONA,7,7,1.0,1,3.0,3.0,27.0
103 ST-CORONA,7,8,0.0,0,5.0,3.0,64.0
103 ST-CORONA,7,8,0.0,1,23.0,16.0,17.0
103 ST-CORONA,7,8,1.0,0,18.0,11.0,78.0
103 ST-CORONA,7,8,1.0,1,5.0,5.0,39.0
103 ST-CORONA,7,9,0.0,0,5.0,3.0,74.0
103 ST-CORONA,7,9,0.0,1,24.0,18.0,20.0
103 ST-CORONA,7,9,1.0,0,23.0,12.0,89.0
103 ST-CORONA,7,9,1.0,1,9.0,8.0,65.0
103 ST-CORONA,7,10,0.0,0,4.0,3.0,63.0
103 ST-CORONA,7,10,0.0,1,22.0,17.0,22.0
103 ST-CORONA,7,10,1.0,0,28.0,14.0,105.0
103 ST-CORONA,7,10,1.0,1,16.0,13.0,79.0
103 ST-CORONA,7,11,0.0,0,2.0,1.0,37.0
103 ST-CORONA,7,11,0.0,1,15.0,11.0,35.0
103 ST-CORONA,7,11,1.0,0,29.0,16.0,108.0
103 ST-CORONA,7,11,1.0,1,26.0,18.0,92.0
103 ST-CORONA,7,12,0.0,0,5.0,3.0,86.0
103 ST-CORONA,7,12,0.0,1,15.0,12.0,70.0
103 ST-CORONA,7,12,1.0,0,36.0,20.0,95.0
103 ST-CORONA,7,12,1.0,1,36.0,24.0,78.0
103 ST-CORONA,7,13,0.0,0,6.0,5.0,139.0
103 ST-CORONA,7,13,0.0,1,22.0,16.0,145.0
103 ST-CORONA,7,13,1.0,0,42.0,21.0,86.0
103 ST-CORONA,7,13,1.0,1,30.0,19.0,73.0
103 ST-CORONA,7,14,0.0,0,7.0,5.0,179.0
103 ST-CORONA,7,14,0.0,1,22.0,15.0,232.0
103 ST-CORONA,7,14,1.0,0,49.0,26.0,102.0
103 ST-CORONA,7,14,1.0,1,27.0,16.0,78.0
103 ST-CORONA,7,15,0.0,0,7.0,6.0,261.0
103 ST-CORONA,7,15,0.0,1,25.0,14.0,356.0
103 ST-CORONA,7,15,1.0,0,40.0,22.0,93.0
103 ST-CORONA,7,15,1.0,1,49.0,29.0,76.0
103 ST-CORONA,7,16,0.0,0,5.0,5.0,238.0
103 ST-CORONA,7,16,0.0,1,13.0,7.0,584.0
103 ST-CORONA,7,16,1.0,0,37.0,20.0,90.0
103 ST-CORONA,7,16,1.0,1,21.0,13.0,44.0
103 ST-CORONA,7,17,0.0,0,6.0,5.0,186.0
103 ST-CORONA,7,17,0.0,1,19.0,9.0,752.0
103 ST-CORONA,7,17,1.0,0,49.0,27.0,152.0
103 ST-CORONA,7,17,1.0,1,23.0,14.0,30.0
103 ST-CORONA,7,18,0.0,0,8.0,7.0,232.0
103 ST-CORONA,7,18,0.0,1,7.0,4.0,441.0
103 ST-CORONA,7,18,1.0,0,43.0,24.0,198.0
103 ST-CORONA,7,18,1.0,1,27.0,16.0,49.0
103 ST-CORONA,7,19,0.0,0,6.0,5.0,210.0
103 ST-CORONA,7,19,0.0,1,11.0,6.0,608.0
103 ST-CORONA,7,19,1.0,0,43.0,24.0,202.0
103 ST-CORONA,7,19,1.0,1,22.0,13.0,36.0
103 ST-CORONA,7,20,0.0,0,5.0,4.0,150.0
103 ST-CORONA,7,20,0.0,1,8.0,4.0,452.0
103 ST-CORONA,7,20,1.0,0,33.0,17.0,203.0
103 ST-CORONA,7,20,1.0,1,22.0,13.0,35.0
103 ST-CORONA,7,21,0.0,0,3.0,2.0,180.0
103 ST-CORONA,7,21,0.0,1,7.0,4.0,388.0
103 ST-CORONA,7,21,1.0,0,34.0,18.0,248.0
103 ST-CORONA,7,21,1.0,1,14.0,8.0,34.0
103 ST-CORONA,7,22,0.0,0,5.0,3.0,116.0
103 ST-CORONA,7,22,0.0,1,7.0,4.0,246.0
103 ST-CORONA,7,22,1.0,0,28.0,14.0,285.0
103 ST-CORONA,7,22,1.0,1,8.0,5.0,39.0
103 ST-CORONA,7,23,0.0,0,4.0,4.0,117.0
103 ST-CORONA,7,23,0.0,1,4.0,7.0,23.0
103 ST-CORONA,7,23,1.0,0,15.0,8.0,256.0
103 ST-CORONA,7,23,1.0,1,7.0,5.0,62.0
111 ST,7,0,0.0,0,2.0,2.0,33.0
111 ST,7,0,0.0,1,4.0,3.0,10.0
111 ST,7,0,1.0,0,13.0,7.0,263.0
111 ST,7,0,1.0,1,13.0,8.0,94.0
111 ST,7,1,0.0,0,1.0,2.0,6.0
111 ST,7,1,0.0,1,4.0,2.0,26.0
111 ST,7,1,1.0,0,10.0,6.0,243.0
111 ST,7,1,1.0,1,14.0,9.0,100.0
111 ST,7,2,0.0,0,0.0,0.0,2.0
111 ST,7,2,0.0,1,0.0,0.0,34.0
111 ST,7,2,1.0,0,0.0,0.0,118.0
111 ST,7,2,1.0,1,0.0,0.0,56.0
111 ST,7,3,0.0,0,0.0,0.0,23.0
111 ST,7,3,0.0,1,0.0,0.0,47.0
111 ST,7,3,1.0,0,0.0,0.0,50.0
111 ST,7,3,1.0,1,0.0,0.0,39.0
111 ST,7,4,0.0,0,0.0,0.0,24.0
111 ST,7,4,0.0,1,0.0,0.0,41.0
111 ST,7,4,1.0,0,0.0,0.0,26.0
111 ST,7,4,1.0,1,0.0,0.0,19.0
111 ST,7,5,0.0,0,4.0,1.0,0.0
111 ST,7,5,0.0,1,3.0,4.0,32.0
111 ST,7,5,1.0,0,1.0,0.0,6.0
111 ST,7,5,1.0,1,0.0,1.0,2.0
111 ST,7,6,0.0,0,5.0,2.0,32.0
111 ST,7,6,0.0,1,13.0,8.0,21.0
111 ST,7,6,1.0,0,4.0,1.0,13.0
111 ST,7,6,1.0,1,0.0,1.0,4.0
111 ST,7,7,0.0,0,3.0,2.0,32.0
111 ST,7,7,0.0,1,18.0,13.0,14.0
111 ST,7,7,1.0,0,8.0,3.0,30.0
111 ST,7,7,1.0,1,1.0,1.0,16.0
111 ST,7,8,0.0,0,6.0,4.0,65.0
111 ST,7,8,0.0,1,24.0,17.0,17.0
111 ST,7,8,1.0,0,13.0,8.0,49.0
111 ST,7,8,1.0,1,3.0,2.0,29.0
111 ST,7,9,0.0,0,6.0,4.0,75.0
111 ST,7,9,0.0,1,25.0,19.0,21.0
111 ST,7,9,1.0,0,14.0,8.0,59.0
111 ST,7,9,1.0,1,4.0,4.0,49.0
111 ST,7,10,0.0,0,4.0,4.0,64.0
111 ST,7,10,0.0,1,23.0,19.0,22.0
111 ST,7,10,1.0,0,19.0,9.0,78.0
111 ST,7,10,1.0,1,10.0,8.0,61.0
111 ST,7,11,0.0,0,1.0,2.0,36.0
111 ST,7,11,0.0,1,16.0,11.0,34.0
111 ST,7,11,1.0,0,26.0,15.0,79.0
111 ST,7,11,1.0,1,18.0,12.0,60.0
111 ST,7,12,0.0,0,4.0,3.0,74.0
111 ST,7,12,0.0,1,13.0,11.0,65.0
111 ST,7,12,1.0,0,29.0,17.0,76.0
111 ST,7,12,1.0,1,28.0,18.0,53.0
111 ST,7,13,0.0,0,5.0,4.0,116.0
111 ST,7,13,0.0,1,16.0,13.0,132.0
111 ST,7,13,1.0,0,34.0,20.0,78.0
111 ST,7,13,1.0,1,31.0,20.0,56.0
111 ST,7,14,0.0,0,4.0,4.0,155.0
111 ST,7,14,0.0,1,19.0,13.0,213.0
111 ST,7,14,1.0,0,46.0,27.0,91.0
111 ST,7,14,1.0,1,35.0,22.0,58.0
111 ST,7,15,0.0,0,6.0,5.0,238.0
111 ST,7,15,0.0,1,17.0,10.0,338.0
111 ST,7,15,1.0,0,36.0,23.0,80.0
111 ST,7,15,1.0,1,52.0,31.0,47.0
111 ST,7,16,0.0,0,3.0,4.0,219.0
111 ST,7,16,0.0,1,8.0,4.0,558.0
111 ST,7,16,1.0,0,37.0,23.0,80.0
111 ST,7,16,1.0,1,36.0,21.0,31.0
111 ST,7,17,0.0,0,4.0,3.0,144.0
111 ST,7,17,0.0,1,13.0,5.0,733.0
111 ST,7,17,1.0,0,51.0,34.0,150.0
111 ST,7,17,1.0,1,32.0,19.0,23.0
111 ST,7,18,0.0,0,7.0,6.0,186.0
111 ST,7,18,0.0,1,4.0,2.0,413.0
111 ST,7,18,1.0,0,50.0,34.0,199.0
111 ST,7,18,1.0,1,39.0,23.0,32.0
111 ST,7,19,0.0,0,4.0,4.0,177.0
111 ST,7,19,0.0,1,6.0,3.0,580.0
111 ST,7,19,1.0,0,44.0,29.0,207.0
111 ST,7,19,1.0,1,36.0,21.0,25.0
111 ST,7,20,0.0,0,3.0,2.0,128.0
111 ST,7,20,0.0,1,5.0,3.0,427.0
111 ST,7,20,1.0,0,39.0,26.0,205.0
111 ST,7,20,1.0,1,30.0,18.0,28.0
111 ST,7,21,0.0,0,2.0,1.0,137.0
111 ST,7,21,0.0,1,5.0,2.0,352.0
111 ST,7,21,1.0,0,36.0,23.0,263.0
111 ST,7,21,1.0,1,21.0,12.0,30.0
111 ST,7,22,0.0,0,3.0,2.0,88.0
111 ST,7,22,0.0,1,5.0,3.0,218.0
111 ST,7,22,1.0,0,32.0,19.0,307.0
111 ST,7,22,1.0,1,12.0,6.0,39.0
111 ST,7,23,0.0,0,2.0,2.0,72.0
111 ST,7,23,0.0,1,4.0,6.0,13.0
111 ST,7,23,1.0,0,19.0,12.0,275.0
111 ST,7,23,1.0,1,11.0,7.0,64.0
33 ST-RAWSON ST,7,0,0.0,0,38.0,26.0,289.0
33 ST-RAWSON ST,7,0,0.0,1,21.0,16.0,199.0
33 ST-RAWSON ST,7,0,1.0,0,2.0,1.0,141.0
33 ST-RAWSON ST,7,0,1.0,1,3.0,2.0,43.0
33 ST-RAWSON ST,7,1,0.0,0,24.0,16.0,287.0
33 ST-RAWSON ST,7,1,0.0,1,14.0,11.0,229.0
33 ST-RAWSON ST,7,1,1.0,0,0.0,0.0,149.0
33 ST-RAWSON ST,7,1,1.0,1,1.0,0.0,47.0
33 ST-RAWSON ST,7,2,0.0,0,0.0,0.0,292.0
33 ST-RAWSON ST,7,2,0.0,1,0.0,0.0,209.0
33 ST-RAWSON ST,7,2,1.0,0,0.0,0.0,27.0
33 ST-RAWSON ST,7,2,1.0,1,0.0,0.0,16.0
33 ST-RAWSON ST,7,3,0.0,0,0.0,0.0,242.0
33 ST-RAWSON ST,7,3,0.0,1,0.0,0.0,139.0
33 ST-RAWSON ST,7,3,1.0,0,0.0,0.0,2.0
33 ST-RAWSON ST,7,3,1.0,1,0.0,0.0,1.0
33 ST-RAWSON ST,7,4,0.0,0,0.0,0.0,212.0
33 ST-RAWSON ST,7,4,0.0,1,0.0,0.0,90.0
33 ST-RAWSON ST,7,4,1.0,0,0.0,0.0,2.0
33 ST-RAWSON ST,7,4,1.0,1,0.0,0.0,17.0
33 ST-RAWSON ST,7,5,0.0,0,20.0,0.0,127.0
33 ST-RAWSON ST,7,5,0.0,1,4.0,4.0,28.0
33 ST-RAWSON ST,7,5,1.0,0,9.0,7.0,1.0
33 ST-RAWSON ST,7,5,1.0,1,8.0,4.0,39.0
33 ST-RAWSON ST,7,6,0.0,0,3.0,1.0,82.0
33 ST-RAWSON ST,7,6,0.0,1,13.0,8.0,10.0
33 ST-RAWSON ST,7,6,1.0,0,9.0,9.0,10.0
33 ST-RAWSON ST,7,6,1.0,1,19.0,4.0,59.0
33 ST-RAWSON ST,7,7,0.0,0,3.0,1.0,51.0
33 ST-RAWSON ST,7,7,0.0,1,15.0,10.0,5.0
33 ST-RAWSON ST,7,7,1.0,0,15.0,11.0,51.0
33 ST-RAWSON ST,7,7,1.0,1,22.0,6.0,73.0
33 ST-RAWSON ST,7,8,0.0,0,6.0,2.0,78.0
33 ST-RAWSON ST,7,8,0.0,1,18.0,12.0,9.0
33 ST-RAWSON ST,7,8,1.0,0,37.0,23.0,171.0
33 ST-RAWSON ST,7,8,1.0,1,28.0,16.0,106.0
33 ST-RAWSON ST,7,9,0.0,0,6.0,2.0,75.0
33 ST-RAWSON ST,7,9,0.0,1,19.0,13.0,12.0
33 ST-RAWSON ST,7,9,1.0,0,47.0,31.0,189.0
33 ST-RAWSON ST,7,9,1.0,1,30.0,18.0,154.0
33 ST-RAWSON ST,7,10,0.0,0,6.0,2.0,73.0
33 ST-RAWSON ST,7,10,0.0,1,16.0,13.0,19.0
33 ST-RAWSON ST,7,10,1.0,0,47.0,30.0,238.0
33 ST-RAWSON ST,7,10,1.0,1,36.0,26.0,194.0
33 ST-RAWSON ST,7,11,0.0,0,9.0,4.0,76.0
33 ST-RAWSON ST,7,11,0.0,1,20.0,18.0,59.0
33 ST-RAWSON ST,7,11,1.0,0,40.0,28.0,256.0
33 ST-RAWSON ST,7,11,1.0,1,30.0,20.0,161.0
33 ST-RAWSON ST,7,12,0.0,0,22.0,12.0,138.0
33 ST-RAWSON ST,7,12,0.0,1,42.0,32.0,153.0
33 ST-RAWSON ST,7,12,1.0,0,39.0,27.0,209.0
33 ST-RAWSON ST,7,12,1.0,1,49.0,33.0,101.0
33 ST-RAWSON ST,7,13,0.0,0,26.0,16.0,204.0
33 ST-RAWSON ST,7,13,0.0,1,60.0,39.0,286.0
33 ST-RAWSON ST,7,13,1.0,0,51.0,31.0,159.0
33 ST-RAWSON ST,7,13,1.0,1,37.0,23.0,41.0
33 ST-RAWSON ST,7,14,0.0,0,37.0,22.0,272.0
33 ST-RAWSON ST,7,14,0.0,1,74.0,45.0,428.0
33 ST-RAWSON ST,7,14,1.0,0,27.0,19.0,128.0
33 ST-RAWSON ST,7,14,1.0,1,20.0,13.0,23.0
33 ST-RAWSON ST,7,15,0.0,0,39.0,24.0,377.0
33 ST-RAWSON ST,7,15,0.0,1,92.0,50.0,641.0
33 ST-RAWSON ST,7,15,1.0,0,27.0,19.0,89.0
33 ST-RAWSON ST,7,15,1.0,1,23.0,15.0,51.0
33 ST-RAWSON ST,7,16,0.0,0,39.0,24.0,356.0
33 ST-RAWSON ST,7,16,0.0,1,106.0,55.0,873.0
33 ST-RAWSON ST,7,16,1.0,0,24.0,17.0,90.0
33 ST-RAWSON ST,7,16,1.0,1,17.0,11.0,48.0
33 ST-RAWSON ST,7,17,0.0,0,41.0,27.0,385.0
33 ST-RAWSON ST,7,17,0.0,1,105.0,50.0,899.0
33 ST-RAWSON ST,7,17,1.0,0,18.0,13.0,136.0
33 ST-RAWSON ST,7,17,1.0,1,13.0,8.0,37.0
33 ST-RAWSON ST,7,18,0.0,0,50.0,30.0,456.0
33 ST-RAWSON ST,7,18,0.0,1,97.0,47.0,771.0
33 ST-RAWSON ST,7,18,1.0,0,20.0,14.0,183.0
33 ST-RAWSON ST,7,18,1.0,1,11.0,7.0,38.0
33 ST-RAWSON ST,7,19,0.0,0,43.0,28.0,406.0
33 ST-RAWSON ST,7,19,0.0,1,102.0,50.0,879.0
33 ST-RAWSON ST,7,19,1.0,0,13.0,9.0,174.0
33 ST-RAWSON ST,7,19,1.0,1,12.0,7.0,36.0
33 ST-RAWSON ST,7,20,0.0,0,38.0,23.0,380.0
33 ST-RAWSON ST,7,20,0.0,1,84.0,44.0,698.0
33 ST-RAWSON ST,7,20,1.0,0,13.0,8.0,133.0
33 ST-RAWSON ST,7,20,1.0,1,11.0,7.0,27.0
33 ST-RAWSON ST,7,21,0.0,0,49.0,32.0,455.0
33 ST-RAWSON ST,7,21,0.0,1,65.0,37.0,602.0
33 ST-RAWSON ST,7,21,1.0,0,9.0,6.0,126.0
33 ST-RAWSON ST,7,21,1.0,1,5.0,3.0,21.0
33 ST-RAWSON ST,7,22,0.0,0,54.0,36.0,463.0
33 ST-RAWSON ST,7,22,0.0,1,35.0,24.0,372.0
33 ST-RAWSON ST,7,22,1.0,0,16.0,10.0,137.0
33 ST-RAWSON ST,7,22,1.0,1,2.0,1.0,13.0
33 ST-RAWSON ST,7,23,0.0,0,47.0,32.0,398.0
33 ST-RAWSON ST,7,23,0.0,1,26.0,23.0,187.0
33 ST-RAWSON ST,7,23,1.0,0,3.0,2.0,128.0
33 ST-RAWSON ST,7,23,1.0,1,2.0,5.0,33.0
34 ST-HUDSON YD,7,0,0.0,0,8.0,5.0,48.0
34 ST-HUDSON YD,7,0,0.0,1,7.0,5.0,38.0
34 ST-HUDSON YD,7,0,1.0,0,3.0,2.0,140.0
34 ST-HUDSON YD,7,0,1.0,1,2.0,2.0,46.0
34 ST-HUDSON YD,7,1,0.0,0,5.0,4.0,49.0
34 ST-HUDSON YD,7,1,0.0,1,11.0,7.0,42.0
34 ST-HUDSON YD,7,1,1.0,0,2.0,1.0,165.0
34 ST-HUDSON YD,7,1,1.0,1,2.0,2.0,59.0
34 ST-HUDSON YD,7,2,0.0,0,0.0,0.0,28.0
34 ST-HUDSON YD,7,2,0.0,1,0.0,0.0,25.0
34 ST-HUDSON YD,7,2,1.0,0,0.0,0.0,114.0
34 ST-HUDSON YD,7,2,1.0,1,1.0,2.0,59.0
34 ST-HUDSON YD,7,3,0.0,0,0.0,0.0,12.0
34 ST-HUDSON YD,7,3,0.0,1,0.0,0.0,11.0
34 ST-HUDSON YD,7,3,1.0,0,0.0,0.0,47.0
34 ST-HUDSON YD,7,3,1.0,1,0.0,0.0,26.0
34 ST-HUDSON YD,7,4,0.0,0,0.0,0.0,7.0
34 ST-HUDSON YD,7,4,0.0,1,0.0,0.0,8.0
34 ST-HUDSON YD,7,4,1.0,0,0.0,0.0,55.0
34 ST-HUDSON YD,7,4,1.0,1,0.0,0.0,33.0
34 ST-HUDSON YD,7,5,0.0,0,0.0,0.0,0.0
34 ST-HUDSON YD,7,5,0.0,1,2.0,0.0,3.0
34 ST-HUDSON YD,7,5,1.0,0,0.0,0.0,37.0
34 ST-HUDSON YD,7,5,1.0,1,5.0,3.0,22.0
34 ST-HUDSON YD,7,6,0.0,0,0.0,0.0,0.0
34 ST-HUDSON YD,7,6,0.0,1,2.0,1.0,2.0
34 ST-HUDSON YD,7,6,1.0,0,1.0,6.0,12.0
34 ST-HUDSON YD,7,6,1.0,1,28.0,14.0,49.0
34 ST-HUDSON YD,7,7,0.0,0,1.0,1.0,2.0
34 ST-HUDSON YD,7,7,0.0,1,3.0,1.0,2.0
34 ST-HUDSON YD,7,7,1.0,0,8.0,8.0,22.0
34 ST-HUDSON YD,7,7,1.0,1,28.0,14.0,53.0
34 ST-HUDSON YD,7,8,0.0,0,2.0,1.0,3.0
34 ST-HUDSON YD,7,8,0.0,1,4.0,2.0,4.0
34 ST-HUDSON YD,7,8,1.0,0,30.0,21.0,172.0
34 ST-HUDSON YD,7,8,1.0,1,42.0,18.0,103.0
34 ST-HUDSON YD,7,9,0.0,0,2.0,1.0,3.0
34 ST-HUDSON YD,7,9,0.0,1,4.0,2.0,5.0
34 ST-HUDSON YD,7,9,1.0,0,150.0,116.0,192.0
34 ST-HUDSON YD,7,9,1.0,1,36.0,21.0,126.0
34 ST-HUDSON YD,7,10,0.0,0,2.0,1.0,4.0
34 ST-HUDSON YD,7,10,0.0,1,10.0,6.0,8.0
34 ST-HUDSON YD,7,10,1.0,0,56.0,32.0,233.0
34 ST-HUDSON YD,7,10,1.0,1,29.0,22.0,194.0
34 ST-HUDSON YD,7,11,0.0,0,7.0,4.0,19.0
34 ST-HUDSON YD,7,11,0.0,1,24.0,13.0,22.0
34 ST-HUDSON YD,7,11,1.0,0,50.0,25.0,254.0
34 ST-HUDSON YD,7,11,1.0,1,32.0,25.0,164.0
34 ST-HUDSON YD,7,12,0.0,0,9.0,5.0,46.0
34 ST-HUDSON YD,7,12,0.0,1,24.0,12.0,46.0
34 ST-HUDSON YD,7,12,1.0,0,26.0,24.0,221.0
34 ST-HUDSON YD,7,12,1.0,1,28.0,20.0,108.0
34 ST-HUDSON YD,7,13,0.0,0,9.0,4.0,70.0
34 ST-HUDSON YD,7,13,0.0,1,20.0,11.0,72.0
34 ST-HUDSON YD,7,13,1.0,0,88.0,44.0,153.0
34 ST-HUDSON YD,7,13,1.0,1,50.0,34.0,30.0
34 ST-HUDSON YD,7,14,0.0,0,8.0,4.0,89.0
34 ST-HUDSON YD,7,14,0.0,1,29.0,14.0,97.0
34 ST-HUDSON YD,7,14,1.0,0,32.0,19.0,99.0
34 ST-HUDSON YD,7,14,1.0,1,17.0,13.0,11.0
34 ST-HUDSON YD,7,15,0.0,0,10.0,4.0,105.0
34 ST-HUDSON YD,7,15,0.0,1,34.0,18.0,166.0
34 ST-HUDSON YD,7,15,1.0,0,5.0,5.0,51.0
34 ST-HUDSON YD,7,15,1.0,1,25.0,17.0,37.0
34 ST-HUDSON YD,7,16,0.0,0,10.0,4.0,102.0
34 ST-HUDSON YD,7,16,0.0,1,22.0,11.0,238.0
34 ST-HUDSON YD,7,16,1.0,0,30.0,22.0,47.0
34 ST-HUDSON YD,7,16,1.0,1,41.0,27.0,42.0
34 ST-HUDSON YD,7,17,0.0,0,12.0,5.0,169.0
34 ST-HUDSON YD,7,17,0.0,1,16.0,8.0,212.0
34 ST-HUDSON YD,7,17,1.0,0,10.0,8.0,51.0
34 ST-HUDSON YD,7,17,1.0,1,22.0,14.0,38.0
34 ST-HUDSON YD,7,18,0.0,0,14.0,7.0,193.0
34 ST-HUDSON YD,7,18,0.0,1,15.0,8.0,221.0
34 ST-HUDSON YD,7,18,1.0,0,22.0,18.0,108.0
34 ST-HUDSON YD,7,18,1.0,1,13.0,9.0,22.0
34 ST-HUDSON YD,7,19,0.0,0,9.0,5.0,139.0
34 ST-HUDSON YD,7,19,0.0,1,18.0,9.0,256.0
34 ST-HUDSON YD,7,19,1.0,0,6.0,6.0,150.0
34 ST-HUDSON YD,7,19,1.0,1,19.0,10.0,24.0
34 ST-HUDSON YD,7,20,0.0,0,9.0,5.0,134.0
34 ST-HUDSON YD,7,20,0.0,1,16.0,8.0,165.0
34 ST-HUDSON YD,7,20,1.0,0,14.0,8.0,124.0
34 ST-HUDSON YD,7,20,1.0,1,15.0,8.0,31.0
34 ST-HUDSON YD,7,21,0.0,0,9.0,5.0,119.0
34 ST-HUDSON YD,7,21,0.0,1,14.0,8.0,117.0
34 ST-HUDSON YD,7,21,1.0,0,10.0,9.0,106.0
34 ST-HUDSON YD,7,21,1.0,1,11.0,6.0,49.0
34 ST-HUDSON YD,7,22,0.0,0,14.0,8.0,80.0
34 ST-HUDSON YD,7,22,0.0,1,13.0,8.0,81.0
34 ST-HUDSON YD,7,22,1.0,0,11.0,7.0,151.0
34 ST-HUDSON YD,7,22,1.0,1,4.0,3.0,31.0
34 ST-HUDSON YD,7,23,0.0,0,8.0,5.0,64.0
34 ST-HUDSON YD,7,23,0.0,1,7.0,5.0,59.0
34 ST-HUDSON YD,7,23,1.0,0,5.0,4.0,147.0
34 ST-HUDSON YD,7,23,1.0,1,4.0,3.0,36.0
40 ST LOWERY ST,7,0,0.0,0,35.0,25.0,265.0
40 ST LOWERY ST,7,0,0.0,1,18.0,14.0,176.0
40 ST LOWERY ST,7,0,1.0,0,2.0,1.0,143.0
40 ST LOWERY ST,7,0,1.0,1,3.0,2.0,40.0
40 ST LOWERY ST,7,1,0.0,0,21.0,14.0,257.0
40 ST LOWERY ST,7,1,0.0,1,12.0,10.0,204.0
40 ST LOWERY ST,7,1,1.0,0,1.0,1.0,150.0
40 ST LOWERY ST,7,1,1.0,1,2.0,0.0,46.0
40 ST LOWERY ST,7,2,0.0,0,0.0,0.0,291.0
40 ST LOWERY ST,7,2,0.0,1,0.0,0.0,209.0
40 ST LOWERY ST,7,2,1.0,0,0.0,0.0,28.0
40 ST LOWERY ST,7,2,1.0,1,0.0,0.0,16.0
40 ST LOWERY ST,7,3,0.0,0,0.0,0.0,242.0
40 ST LOWERY ST,7,3,0.0,1,0.0,0.0,140.0
40 ST LOWERY ST,7,3,1.0,0,0.0,0.0,1.0
40 ST LOWERY ST,7,3,1.0,1,0.0,0.0,3.0
40 ST LOWERY ST,7,4,0.0,0,0.0,0.0,213.0
40 ST LOWERY ST,7,4,0.0,1,0.0,0.0,92.0
40 ST LOWERY ST,7,4,1.0,0,0.0,0.0,2.0
40 ST LOWERY ST,7,4,1.0,1,0.0,0.0,23.0
40 ST LOWERY ST,7,5,0.0,0,22.0,0.0,123.0
40 ST LOWERY ST,7,5,0.0,1,4.0,4.0,33.0
40 ST LOWERY ST,7,5,1.0,0,8.0,7.0,0.0
40 ST LOWERY ST,7,5,1.0,1,9.0,5.0,47.0
40 ST LOWERY ST,7,6,0.0,0,4.0,1.0,84.0
40 ST LOWERY ST,7,6,0.0,1,12.0,8.0,12.0
40 ST LOWERY ST,7,6,1.0,0,10.0,9.0,12.0
40 ST LOWERY ST,7,6,1.0,1,15.0,4.0,63.0
40 ST LOWERY ST,7,7,0.0,0,3.0,2.0,50.0
40 ST LOWERY ST,7,7,0.0,1,15.0,10.0,6.0
40 ST LOWERY ST,7,7,1.0,0,16.0,11.0,54.0
40 ST LOWERY ST,7,7,1.0,1,17.0,6.0,75.0
40 ST LOWERY ST,7,8,0.0,0,7.0,2.0,76.0
40 ST LOWERY ST,7,8,0.0,1,18.0,12.0,10.0
40 ST LOWERY ST,7,8,1.0,0,37.0,24.0,171.0
40 ST LOWERY ST,7,8,1.0,1,24.0,16.0,106.0
40 ST LOWERY ST,7,9,0.0,0,7.0,3.0,76.0
40 ST LOWERY ST,7,9,0.0,1,19.0,13.0,13.0
40 ST LOWERY ST,7,9,1.0,0,86.0,64.0,190.0
40 ST LOWERY ST,7,9,1.0,1,25.0,17.0,160.0
40 ST LOWERY ST,7,10,0.0,0,7.0,3.0,78.0
40 ST LOWERY ST,7,10,0.0,1,17.0,13.0,20.0
40 ST LOWERY ST,7,10,1.0,0,47.0,30.0,237.0
40 ST LOWERY ST,7,10,1.0,1,33.0,26.0,196.0
40 ST LOWERY ST,7,11,0.0,0,10.0,4.0,81.0
40 ST LOWERY ST,7,11,0.0,1,20.0,18.0,56.0
40 ST LOWERY ST,7,11,1.0,0,41.0,29.0,253.0
40 ST LOWERY ST,7,11,1.0,1,30.0,19.0,163.0
40 ST LOWERY ST,7,12,0.0,0,22.0,12.0,144.0
40 ST LOWERY ST,7,12,0.0,1,38.0,30.0,143.0
40 ST LOWERY ST,7,12,1.0,0,39.0,27.0,206.0
40 ST LOWERY ST,7,12,1.0,1,48.0,32.0,102.0
40 ST LOWERY ST,7,13,0.0,0,25.0,16.0,211.0
40 ST LOWERY ST,7,13,0.0,1,61.0,40.0,270.0
40 ST LOWERY ST,7,13,1.0,0,32.0,23.0,157.0
40 ST LOWERY ST,7,13,1.0,1,33.0,21.0,42.0
40 ST LOWERY ST,7,14,0.0,0,37.0,22.0,268.0
40 ST LOWERY ST,7,14,0.0,1,72.0,45.0,406.0
40 ST LOWERY ST,7,14,1.0,0,27.0,19.0,123.0
40 ST LOWERY ST,7,14,1.0,1,15.0,11.0,24.0
40 ST LOWERY ST,7,15,0.0,0,38.0,25.0,364.0
40 ST LOWERY ST,7,15,0.0,1,90.0,51.0,624.0
40 ST LOWERY ST,7,15,1.0,0,27.0,20.0,92.0
40 ST LOWERY ST,7,15,1.0,1,18.0,13.0,22.0
40 ST LOWERY ST,7,16,0.0,0,37.0,24.0,357.0
40 ST LOWERY ST,7,16,0.0,1,104.0,55.0,867.0
40 ST LOWERY ST,7,16,1.0,0,23.0,16.0,91.0
40 ST LOWERY ST,7,16,1.0,1,10.0,8.0,26.0
40 ST LOWERY ST,7,17,0.0,0,39.0,26.0,387.0
40 ST LOWERY ST,7,17,0.0,1,102.0,49.0,913.0
40 ST LOWERY ST,7,17,1.0,0,16.0,12.0,137.0
40 ST LOWERY ST,7,17,1.0,1,9.0,7.0,16.0
40 ST LOWERY ST,7,18,0.0,0,48.0,30.0,457.0
40 ST LOWERY ST,7,18,0.0,1,92.0,44.0,766.0
40 ST LOWERY ST,7,18,1.0,0,20.0,14.0,184.0
40 ST LOWERY ST,7,18,1.0,1,7.0,5.0,16.0
40 ST LOWERY ST,7,19,0.0,0,41.0,27.0,406.0
40 ST LOWERY ST,7,19,0.0,1,100.0,48.0,865.0
40 ST LOWERY ST,7,19,1.0,0,12.0,9.0,175.0
40 ST LOWERY ST,7,19,1.0,1,8.0,7.0,19.0
40 ST LOWERY ST,7,20,0.0,0,35.0,22.0,372.0
40 ST LOWERY ST,7,20,0.0,1,80.0,42.0,687.0
40 ST LOWERY ST,7,20,1.0,0,14.0,9.0,137.0
40 ST LOWERY ST,7,20,1.0,1,9.0,6.0,13.0
40 ST LOWERY ST,7,21,0.0,0,46.0,30.0,435.0
40 ST LOWERY ST,7,21,0.0,1,63.0,35.0,591.0
40 ST LOWERY ST,7,21,1.0,0,8.0,6.0,123.0
40 ST LOWERY ST,7,21,1.0,1,4.0,3.0,9.0
40 ST LOWERY ST,7,22,0.0,0,50.0,34.0,434.0
40 ST LOWERY ST,7,22,0.0,1,34.0,24.0,359.0
40 ST LOWERY ST,7,22,1.0,0,16.0,10.0,138.0
40 ST LOWERY ST,7,22,1.0,1,3.0,1.0,8.0
40 ST LOWERY ST,7,23,0.0,0,44.0,30.0,377.0
40 ST LOWERY ST,7,23,0.0,1,23.0,22.0,172.0
40 ST LOWERY ST,7,23,1.0,0,3.0,2.0,132.0
40 ST LOWERY ST,7,23,1.0,1,2.0,5.0,30.0
46 ST BLISS ST,7,0,0.0,1,20.0,46.0,158.0
46 ST BLISS ST,7,0,1.0,0,0.0,0.0,155.0
46 ST BLISS ST,7,0,1.0,1,0.0,0.0,46.0
46 ST BLISS ST,7,1,0.0,1,0.0,0.0,171.0
46 ST BLISS ST,7,1,1.0,0,0.0,0.0,161.0
46 ST BLISS ST,7,1,1.0,1,0.0,0.0,49.0
46 ST BLISS ST,7,2,0.0,1,0.0,0.0,186.0
46 ST BLISS ST,7,2,1.0,0,0.0,0.0,41.0
46 ST BLISS ST,7,2,1.0,1,0.0,0.0,23.0
46 ST BLISS ST,7,3,0.0,1,0.0,0.0,127.0
46 ST BLISS ST,7,3,1.0,0,0.0,0.0,8.0
46 ST BLISS ST,7,3,1.0,1,0.0,0.0,7.0
46 ST BLISS ST,7,4,0.0,1,0.0,0.0,87.0
46 ST BLISS ST,7,4,1.0,0,0.0,0.0,10.0
46 ST BLISS ST,7,4,1.0,1,0.0,0.0,28.0
46 ST BLISS ST,7,5,0.0,1,0.0,0.0,34.0
46 ST BLISS ST,7,5,1.0,0,0.0,0.0,1.0
46 ST BLISS ST,7,5,1.0,1,0.0,0.0,47.0
46 ST BLISS ST,7,6,0.0,1,1.0,1.0,13.0
46 ST BLISS ST,7,6,1.0,0,0.0,0.0,11.0
46 ST BLISS ST,7,6,1.0,1,0.0,0.0,61.0
46 ST BLISS ST,7,7,0.0,1,0.0,0.0,7.0
46 ST BLISS ST,7,7,1.0,0,0.0,0.0,59.0
46 ST BLISS ST,7,7,1.0,1,6.0,6.0,76.0
46 ST BLISS ST,7,8,0.0,1,0.0,0.0,11.0
46 ST BLISS ST,7,8,1.0,0,0.0,0.0,162.0
46 ST BLISS ST,7,8,1.0,1,12.0,8.0,104.0
46 ST BLISS ST,7,9,0.0,1,20.0,17.0,14.0
46 ST BLISS ST,7,9,1.0,0,590.0,540.0,182.0
46 ST BLISS ST,7,9,1.0,1,0.0,0.0,159.0
46 ST BLISS ST,7,10,0.0,1,0.0,0.0,22.0
46 ST BLISS ST,7,10,1.0,0,0.0,0.0,228.0
46 ST BLISS ST,7,10,1.0,1,0.0,0.0,191.0
46 ST BLISS ST,7,11,0.0,1,0.0,0.0,53.0
46 ST BLISS ST,7,11,1.0,0,0.0,0.0,247.0
46 ST BLISS ST,7,11,1.0,1,987.0,669.0,156.0
46 ST BLISS ST,7,12,0.0,1,0.0,0.0,134.0
46 ST BLISS ST,7,12,1.0,0,0.0,0.0,206.0
46 ST BLISS ST,7,12,1.0,1,376.0,244.0,94.0
46 ST BLISS ST,7,13,0.0,1,0.0,0.0,257.0
46 ST BLISS ST,7,13,1.0,0,551.0,235.0,163.0
46 ST BLISS ST,7,13,1.0,1,0.0,0.0,35.0
46 ST BLISS ST,7,14,0.0,1,0.0,0.0,391.0
46 ST BLISS ST,7,14,1.0,0,0.0,0.0,125.0
46 ST BLISS ST,7,14,1.0,1,0.0,0.0,17.0
46 ST BLISS ST,7,15,0.0,1,0.0,0.0,616.0
46 ST BLISS ST,7,15,1.0,0,0.0,0.0,94.0
46 ST BLISS ST,7,15,1.0,1,0.0,0.0,24.0
46 ST BLISS ST,7,16,0.0,1,0.0,0.0,859.0
46 ST BLISS ST,7,16,1.0,0,0.0,0.0,102.0
46 ST BLISS ST,7,16,1.0,1,0.0,0.0,31.0
46 ST BLISS ST,7,17,0.0,1,0.0,0.0,902.0
46 ST BLISS ST,7,17,1.0,0,0.0,0.0,152.0
46 ST BLISS ST,7,17,1.0,1,0.0,0.0,20.0
46 ST BLISS ST,7,18,0.0,1,0.0,0.0,745.0
46 ST BLISS ST,7,18,1.0,0,0.0,0.0,201.0
46 ST BLISS ST,7,18,1.0,1,0.0,0.0,24.0
46 ST BLISS ST,7,19,0.0,1,0.0,0.0,839.0
46 ST BLISS ST,7,19,1.0,0,0.0,0.0,193.0
46 ST BLISS ST,7,19,1.0,1,137.0,206.0,27.0
46 ST BLISS ST,7,20,0.0,1,0.0,0.0,675.0
46 ST BLISS ST,7,20,1.0,0,0.0,0.0,152.0
46 ST BLISS ST,7,20,1.0,1,0.0,0.0,17.0
46 ST BLISS ST,7,21,0.0,1,0.0,0.0,571.0
46 ST BLISS ST,7,21,1.0,0,0.0,0.0,142.0
46 ST BLISS ST,7,21,1.0,1,0.0,0.0,16.0
46 ST BLISS ST,7,22,0.0,1,0.0,0.0,329.0
46 ST BLISS ST,7,22,1.0,0,0.0,0.0,152.0
46 ST BLISS ST,7,22,1.0,1,0.0,0.0,14.0
46 ST BLISS ST,7,23,0.0,1,54.0,188.0,149.0
46 ST BLISS ST,7,23,1.0,0,0.0,0.0,146.0
46 ST BLISS ST,7,23,1.0,1,73.0,300.0,35.0
5 AVE,7,0,0.0,0,28.0,24.0,270.0
5 AVE,7,0,0.0,1,22.0,18.0,173.0
5 AVE,7,0,1.0,0,4.0,2.0,127.0
5 AVE,7,0,1.0,1,3.0,2.0,40.0
5 AVE,7,1,0.0,0,22.0,19.0,281.0
5 AVE,7,1,0.0,1,21.0,17.0,218.0
5 AVE,7,1,1.0,0,3.0,1.0,142.0
5 AVE,7,1,1.0,1,3.0,2.0,41.0
5 AVE,7,2,0.0,0,0.0,0.0,261.0
5 AVE,7,2,0.0,1,0.0,0.0,176.0
5 AVE,7,2,1.0,0,0.0,0.0,85.0
5 AVE,7,2,1.0,1,0.0,0.0,39.0
5 AVE,7,3,0.0,0,0.0,0.0,226.0
5 AVE,7,3,0.0,1,0.0,0.0,119.0
5 AVE,7,3,1.0,0,0.0,0.0,11.0
5 AVE,7,3,1.0,1,0.0,0.0,7.0
5 AVE,7,4,0.0,0,0.0,0.0,191.0
5 AVE,7,4,0.0,1,0.0,0.0,80.0
5 AVE,7,4,1.0,0,0.0,0.0,11.0
5 AVE,7,4,1.0,1,0.0,0.0,14.0
5 AVE,7,5,0.0,0,1.0,2.0,110.0
5 AVE,7,5,0.0,1,5.0,0.0,31.0
5 AVE,7,5,1.0,0,21.0,2.0,3.0
5 AVE,7,5,1.0,1,11.0,7.0,24.0
5 AVE,7,6,0.0,0,0.0,1.0,62.0
5 AVE,7,6,0.0,1,4.0,0.0,13.0
5 AVE,7,6,1.0,0,10.0,8.0,4.0
5 AVE,7,6,1.0,1,31.0,14.0,57.0
5 AVE,7,7,0.0,0,2.0,1.0,41.0
5 AVE,7,7,0.0,1,5.0,1.0,6.0
5 AVE,7,7,1.0,0,10.0,8.0,35.0
5 AVE,7,7,1.0,1,32.0,14.0,59.0
5 AVE,7,8,0.0,0,5.0,2.0,64.0
5 AVE,7,8,0.0,1,7.0,3.0,12.0
5 AVE,7,8,1.0,0,35.0,20.0,176.0
5 AVE,7,8,1.0,1,41.0,18.0,107.0
5 AVE,7,9,0.0,0,5.0,2.0,60.0
5 AVE,7,9,0.0,1,8.0,3.0,14.0
5 AVE,7,9,1.0,0,45.0,26.0,194.0
5 AVE,7,9,1.0,1,39.0,23.0,144.0
5 AVE,7,10,0.0,0,6.0,3.0,56.0
5 AVE,7,10,0.0,1,11.0,7.0,24.0
5 AVE,7,10,1.0,0,50.0,29.0,240.0
5 AVE,7,10,1.0,1,30.0,23.0,205.0
5 AVE,7,11,0.0,0,12.0,6.0,68.0
5 AVE,7,11,0.0,1,18.0,12.0,58.0
5 AVE,7,11,1.0,0,44.0,25.0,264.0
5 AVE,7,11,1.0,1,34.0,24.0,184.0
5 AVE,7,12,0.0,0,18.0,9.0,129.0
5 AVE,7,12,0.0,1,39.0,22.0,147.0
5 AVE,7,12,1.0,0,37.0,22.0,235.0
5 AVE,7,12,1.0,1,40.0,28.0,132.0
5 AVE,7,13,0.0,0,28.0,15.0,186.0
5 AVE,7,13,0.0,1,51.0,26.0,265.0
5 AVE,7,13,1.0,0,45.0,22.0,174.0
5 AVE,7,13,1.0,1,50.0,33.0,57.0
5 AVE,7,14,0.0,0,34.0,19.0,242.0
5 AVE,7,14,0.0,1,69.0,34.0,392.0
5 AVE,7,14,1.0,0,23.0,15.0,129.0
5 AVE,7,14,1.0,1,17.0,14.0,42.0
5 AVE,7,15,0.0,0,40.0,22.0,325.0
5 AVE,7,15,0.0,1,85.0,41.0,584.0
5 AVE,7,15,1.0,0,27.0,19.0,80.0
5 AVE,7,15,1.0,1,21.0,16.0,53.0
5 AVE,7,16,0.0,0,42.0,24.0,282.0
5 AVE,7,16,0.0,1,87.0,40.0,753.0
5 AVE,7,16,1.0,0,21.0,15.0,73.0
5 AVE,7,16,1.0,1,21.0,15.0,56.0
5 AVE,7,17,0.0,0,49.0,27.0,342.0
5 AVE,7,17,0.0,1,79.0,36.0,696.0
5 AVE,7,17,1.0,0,17.0,11.0,91.0
5 AVE,7,17,1.0,1,15.0,10.0,50.0
5 AVE,7,18,0.0,0,54.0,32.0,388.0
5 AVE,7,18,0.0,1,74.0,33.0,647.0
5 AVE,7,18,1.0,0,17.0,13.0,152.0
5 AVE,7,18,1.0,1,12.0,9.0,46.0
5 AVE,7,19,0.0,0,48.0,29.0,329.0
5 AVE,7,19,0.0,1,77.0,36.0,684.0
5 AVE,7,19,1.0,0,16.0,10.0,176.0
5 AVE,7,19,1.0,1,13.0,10.0,36.0
5 AVE,7,20,0.0,0,45.0,29.0,335.0
5 AVE,7,20,0.0,1,64.0,32.0,553.0
5 AVE,7,20,1.0,0,14.0,8.0,134.0
5 AVE,7,20,1.0,1,16.0,10.0,28.0
5 AVE,7,21,0.0,0,45.0,32.0,409.0
5 AVE,7,21,0.0,1,50.0,29.0,478.0
5 AVE,7,21,1.0,0,12.0,7.0,104.0
5 AVE,7,21,1.0,1,9.0,6.0,30.0
5 AVE,7,22,0.0,0,43.0,33.0,394.0
5 AVE,7,22,0.0,1,31.0,22.0,268.0
5 AVE,7,22,1.0,0,18.0,10.0,116.0
5 AVE,7,22,1.0,1,5.0,4.0,15.0
5 AVE,7,23,0.0,0,37.0,32.0,362.0
5 AVE,7,23,0.0,1,19.0,16.0,166.0
5 AVE,7,23,1.0,0,6.0,4.0,124.0
5 AVE,7,23,1.0,1,4.0,6.0,28.0
52 ST,7,0,0.0,1,15.0,13.0,152.0
52 ST,7,0,1.0,0,0.0,0.0,167.0
52 ST,7,0,1.0,1,7.0,3.0,53.0
52 ST,7,1,0.0,1,4.0,1.0,156.0
52 ST,7,1,1.0,0,0.0,0.0,167.0
52 ST,7,1,1.0,1,0.0,0.0,49.0
52 ST,7,2,0.0,1,0.0,0.0,167.0
52 ST,7,2,1.0,0,0.0,0.0,58.0
52 ST,7,2,1.0,1,0.0,0.0,30.0
52 ST,7,3,0.0,1,0.0,0.0,125.0
52 ST,7,3,1.0,0,0.0,0.0,8.0
52 ST,7,3,1.0,1,0.0,0.0,8.0
52 ST,7,4,0.0,1,0.0,0.0,85.0
52 ST,7,4,1.0,0,0.0,0.0,11.0
52 ST,7,4,1.0,1,0.0,0.0,27.0
52 ST,7,5,0.0,1,3.0,1.0,34.0
52 ST,7,5,1.0,0,0.0,0.0,6.0
52 ST,7,5,1.0,1,3.0,4.0,42.0
52 ST,7,6,0.0,1,16.0,12.0,14.0
52 ST,7,6,1.0,0,0.0,0.0,13.0
52 ST,7,6,1.0,1,5.0,5.0,57.0
52 ST,7,7,0.0,1,19.0,16.0,7.0
52 ST,7,7,1.0,0,0.0,0.0,54.0
52 ST,7,7,1.0,1,8.0,6.0,72.0
52 ST,7,8,0.0,1,23.0,20.0,12.0
52 ST,7,8,1.0,0,0.0,0.0,152.0
52 ST,7,8,1.0,1,21.0,24.0,100.0
52 ST,7,9,0.0,1,23.0,19.0,14.0
52 ST,7,9,1.0,0,311.0,156.0,171.0
52 ST,7,9,1.0,1,27.0,16.0,154.0
52 ST,7,10,0.0,1,19.0,18.0,21.0
52 ST,7,10,1.0,0,0.0,0.0,212.0
52 ST,7,10,1.0,1,35.0,26.0,183.0
52 ST,7,11,0.0,1,17.0,20.0,49.0
52 ST,7,11,1.0,0,0.0,0.0,232.0
52 ST,7,11,1.0,1,38.0,22.0,150.0
52 ST,7,12,0.0,1,31.0,28.0,130.0
52 ST,7,12,1.0,0,0.0,0.0,199.0
52 ST,7,12,1.0,1,38.0,22.0,95.0
52 ST,7,13,0.0,1,56.0,38.0,252.0
52 ST,7,13,1.0,0,170.0,83.0,161.0
52 ST,7,13,1.0,1,30.0,18.0,42.0
52 ST,7,14,0.0,1,85.0,53.0,384.0
52 ST,7,14,1.0,0,0.0,0.0,132.0
52 ST,7,14,1.0,1,16.0,11.0,26.0
52 ST,7,15,0.0,1,91.0,52.0,582.0
52 ST,7,15,1.0,0,0.0,0.0,106.0
52 ST,7,15,1.0,1,22.0,15.0,50.0
52 ST,7,16,0.0,1,105.0,59.0,846.0
52 ST,7,16,1.0,0,0.0,0.0,100.0
52 ST,7,16,1.0,1,12.0,8.0,29.0
52 ST,7,17,0.0,1,109.0,55.0,896.0
52 ST,7,17,1.0,0,0.0,0.0,155.0
52 ST,7,17,1.0,1,9.0,6.0,13.0
52 ST,7,18,0.0,1,84.0,42.0,729.0
52 ST,7,18,1.0,0,0.0,0.0,206.0
52 ST,7,18,1.0,1,6.0,4.0,19.0
52 ST,7,19,0.0,1,102.0,50.0,835.0
52 ST,7,19,1.0,0,0.0,0.0,203.0
52 ST,7,19,1.0,1,4.0,3.0,13.0
52 ST,7,20,0.0,1,77.0,41.0,660.0
52 ST,7,20,1.0,0,0.0,0.0,170.0
52 ST,7,20,1.0,1,5.0,4.0,13.0
52 ST,7,21,0.0,1,60.0,35.0,555.0
52 ST,7,21,1.0,0,0.0,0.0,150.0
52 ST,7,21,1.0,1,4.0,2.0,10.0
52 ST,7,22,0.0,1,32.0,24.0,319.0
52 ST,7,22,1.0,0,0.0,0.0,163.0
52 ST,7,22,1.0,1,3.0,1.0,11.0
52 ST,7,23,0.0,1,23.0,25.0,138.0
52 ST,7,23,1.0,0,0.0,0.0,146.0
52 ST,7,23,1.0,1,2.0,1.0,36.0
61 ST WOODSIDE,7,0,0.0,0,26.0,19.0,192.0
61 ST WOODSIDE,7,0,0.0,1,15.0,13.0,128.0
61 ST WOODSIDE,7,0,1.0,0,4.0,2.0,179.0
61 ST WOODSIDE,7,0,1.0,1,5.0,3.0,60.0
61 ST WOODSIDE,7,1,0.0,0,17.0,12.0,176.0
61 ST WOODSIDE,7,1,0.0,1,10.0,8.0,136.0
61 ST WOODSIDE,7,1,1.0,0,2.0,1.0,183.0
61 ST WOODSIDE,7,1,1.0,1,4.0,1.0,56.0
61 ST WOODSIDE,7,2,0.0,0,0.0,0.0,172.0
61 ST WOODSIDE,7,2,0.0,1,0.0,0.0,139.0
61 ST WOODSIDE,7,2,1.0,0,0.0,0.0,57.0
61 ST WOODSIDE,7,2,1.0,1,0.0,0.0,29.0
61 ST WOODSIDE,7,3,0.0,0,0.0,0.0,175.0
61 ST WOODSIDE,7,3,0.0,1,0.0,0.0,119.0
61 ST WOODSIDE,7,3,1.0,0,0.0,0.0,8.0
61 ST WOODSIDE,7,3,1.0,1,0.0,0.0,7.0
61 ST WOODSIDE,7,4,0.0,0,0.0,0.0,155.0
61 ST WOODSIDE,7,4,0.0,1,0.0,0.0,84.0
61 ST WOODSIDE,7,4,1.0,0,0.0,0.0,10.0
61 ST WOODSIDE,7,4,1.0,1,0.0,0.0,23.0
61 ST WOODSIDE,7,5,0.0,0,10.0,0.0,68.0
61 ST WOODSIDE,7,5,0.0,1,2.0,4.0,39.0
61 ST WOODSIDE,7,5,1.0,0,6.0,7.0,3.0
61 ST WOODSIDE,7,5,1.0,1,9.0,5.0,36.0
61 ST WOODSIDE,7,6,0.0,0,2.0,2.0,66.0
61 ST WOODSIDE,7,6,0.0,1,12.0,8.0,17.0
61 ST WOODSIDE,7,6,1.0,0,8.0,8.0,9.0
61 ST WOODSIDE,7,6,1.0,1,14.0,4.0,52.0
61 ST WOODSIDE,7,7,0.0,0,3.0,2.0,45.0
61 ST WOODSIDE,7,7,0.0,1,16.0,11.0,9.0
61 ST WOODSIDE,7,7,1.0,0,17.0,12.0,47.0
61 ST WOODSIDE,7,7,1.0,1,15.0,5.0,68.0
61 ST WOODSIDE,7,8,0.0,0,7.0,3.0,75.0
61 ST WOODSIDE,7,8,0.0,1,19.0,13.0,13.0
61 ST WOODSIDE,7,8,1.0,0,35.0,23.0,137.0
61 ST WOODSIDE,7,8,1.0,1,22.0,8.0,91.0
61 ST WOODSIDE,7,9,0.0,0,7.0,2.0,74.0
61 ST WOODSIDE,7,9,0.0,1,21.0,14.0,17.0
61 ST WOODSIDE,7,9,1.0,0,45.0,30.0,156.0
61 ST WOODSIDE,7,9,1.0,1,18.0,12.0,140.0
61 ST WOODSIDE,7,10,0.0,0,8.0,3.0,69.0
61 ST WOODSIDE,7,10,0.0,1,17.0,13.0,21.0
61 ST WOODSIDE,7,10,1.0,0,45.0,28.0,202.0
61 ST WOODSIDE,7,10,1.0,1,26.0,20.0,170.0
61 ST WOODSIDE,7,11,0.0,0,11.0,5.0,60.0
61 ST WOODSIDE,7,11,0.0,1,17.0,12.0,55.0
61 ST WOODSIDE,7,11,1.0,0,44.0,30.0,218.0
61 ST WOODSIDE,7,11,1.0,1,28.0,18.0,136.0
61 ST WOODSIDE,7,12,0.0,0,24.0,10.0,130.0
61 ST WOODSIDE,7,12,0.0,1,31.0,21.0,139.0
61 ST WOODSIDE,7,12,1.0,0,36.0,26.0,185.0
61 ST WOODSIDE,7,12,1.0,1,51.0,34.0,82.0
61 ST WOODSIDE,7,13,0.0,0,32.0,14.0,196.0
61 ST WOODSIDE,7,13,0.0,1,52.0,32.0,261.0
61 ST WOODSIDE,7,13,1.0,0,36.0,25.0,150.0
61 ST WOODSIDE,7,13,1.0,1,22.0,14.0,37.0
61 ST WOODSIDE,7,14,0.0,0,44.0,21.0,278.0
61 ST WOODSIDE,7,14,0.0,1,67.0,38.0,394.0
61 ST WOODSIDE,7,14,1.0,0,29.0,20.0,125.0
61 ST WOODSIDE,7,14,1.0,1,19.0,12.0,25.0
61 ST WOODSIDE,7,15,0.0,0,47.0,21.0,371.0
61 ST WOODSIDE,7,15,0.0,1,89.0,49.0,547.0
61 ST WOODSIDE,7,15,1.0,0,27.0,19.0,101.0
61 ST WOODSIDE,7,15,1.0,1,23.0,16.0,50.0
61 ST WOODSIDE,7,16,0.0,0,51.0,26.0,342.0
61 ST WOODSIDE,7,16,0.0,1,97.0,51.0,825.0
61 ST WOODSIDE,7,16,1.0,0,23.0,16.0,103.0
61 ST WOODSIDE,7,16,1.0,1,13.0,9.0,37.0
61 ST WOODSIDE,7,17,0.0,0,53.0,28.0,354.0
61 ST WOODSIDE,7,17,0.0,1,97.0,49.0,876.0
61 ST WOODSIDE,7,17,1.0,0,18.0,13.0,175.0
61 ST WOODSIDE,7,17,1.0,1,10.0,7.0,23.0
61 ST WOODSIDE,7,18,0.0,0,62.0,34.0,417.0
61 ST WOODSIDE,7,18,0.0,1,84.0,41.0,689.0
61 ST WOODSIDE,7,18,1.0,0,22.0,15.0,208.0
61 ST WOODSIDE,7,18,1.0,1,10.0,6.0,31.0
61 ST WOODSIDE,7,19,0.0,0,58.0,35.0,371.0
61 ST WOODSIDE,7,19,0.0,1,92.0,46.0,783.0
61 ST WOODSIDE,7,19,1.0,0,15.0,9.0,211.0
61 ST WOODSIDE,7,19,1.0,1,11.0,7.0,34.0
61 ST WOODSIDE,7,20,0.0,0,48.0,28.0,336.0
61 ST WOODSIDE,7,20,0.0,1,74.0,39.0,632.0
61 ST WOODSIDE,7,20,1.0,0,14.0,9.0,175.0
61 ST WOODSIDE,7,20,1.0,1,9.0,6.0,25.0
61 ST WOODSIDE,7,21,0.0,0,54.0,33.0,364.0
61 ST WOODSIDE,7,21,0.0,1,59.0,34.0,542.0
61 ST WOODSIDE,7,21,1.0,0,15.0,9.0,160.0
61 ST WOODSIDE,7,21,1.0,1,6.0,4.0,21.0
61 ST WOODSIDE,7,22,0.0,0,49.0,33.0,332.0
61 ST WOODSIDE,7,22,0.0,1,37.0,25.0,329.0
61 ST WOODSIDE,7,22,1.0,0,12.0,7.0,192.0
61 ST WOODSIDE,7,22,1.0,1,4.0,2.0,21.0
61 ST WOODSIDE,7,23,0.0,0,44.0,32.0,289.0
61 ST WOODSIDE,7,23,0.0,1,19.0,20.0,121.0
61 ST WOODSIDE,7,23,1.0,0,5.0,3.0,164.0
61 ST WOODSIDE,7,23,1.0,1,3.0,2.0,41.0
69 ST,7,0,0.0,0,23.0,18.0,178.0
69 ST,7,0,0.0,1,13.0,12.0,112.0
69 ST,7,0,1.0,0,3.0,2.0,198.0
69 ST,7,0,1.0,1,6.0,4.0,61.0
69 ST,7,1,0.0,0,18.0,13.0,160.0
69 ST,7,1,0.0,1,8.0,6.0,123.0
69 ST,7,1,1.0,0,1.0,1.0,205.0
69 ST,7,1,1.0,1,4.0,0.0,68.0
69 ST,7,2,0.0,0,0.0,0.0,161.0
69 ST,7,2,0.0,1,0.0,0.0,131.0
69 ST,7,2,1.0,0,0.0,0.0,54.0
69 ST,7,2,1.0,1,0.0,0.0,26.0
69 ST,7,3,0.0,0,0.0,0.0,171.0
69 ST,7,3,0.0,1,0.0,0.0,119.0
69 ST,7,3,1.0,0,0.0,0.0,7.0
69 ST,7,3,1.0,1,0.0,0.0,6.0
69 ST,7,4,0.0,0,0.0,0.0,150.0
69 ST,7,4,0.0,1,0.0,0.0,84.0
69 ST,7,4,1.0,0,0.0,0.0,9.0
69 ST,7,4,1.0,1,0.0,0.0,14.0
69 ST,7,5,0.0,0,13.0,0.0,63.0
69 ST,7,5,0.0,1,3.0,4.0,39.0
69 ST,7,5,1.0,0,6.0,9.0,1.0
69 ST,7,5,1.0,1,9.0,6.0,19.0
69 ST,7,6,0.0,0,2.0,0.0,58.0
69 ST,7,6,0.0,1,13.0,9.0,17.0
69 ST,7,6,1.0,0,8.0,9.0,4.0
69 ST,7,6,1.0,1,11.0,3.0,33.0
69 ST,7,7,0.0,0,3.0,1.0,44.0
69 ST,7,7,0.0,1,16.0,11.0,9.0
69 ST,7,7,1.0,0,18.0,12.0,48.0
69 ST,7,7,1.0,1,18.0,5.0,48.0
69 ST,7,8,0.0,0,6.0,2.0,72.0
69 ST,7,8,0.0,1,20.0,13.0,13.0
69 ST,7,8,1.0,0,32.0,21.0,126.0
69 ST,7,8,1.0,1,20.0,9.0,68.0
69 ST,7,9,0.0,0,6.0,3.0,74.0
69 ST,7,9,0.0,1,21.0,15.0,16.0
69 ST,7,9,1.0,0,42.0,28.0,141.0
69 ST,7,9,1.0,1,21.0,15.0,105.0
69 ST,7,10,0.0,0,5.0,3.0,65.0
69 ST,7,10,0.0,1,18.0,14.0,18.0
69 ST,7,10,1.0,0,43.0,27.0,173.0
69 ST,7,10,1.0,1,30.0,24.0,135.0
69 ST,7,11,0.0,0,7.0,3.0,58.0
69 ST,7,11,0.0,1,16.0,15.0,48.0
69 ST,7,11,1.0,0,45.0,30.0,185.0
69 ST,7,11,1.0,1,28.0,18.0,134.0
69 ST,7,12,0.0,0,19.0,11.0,121.0
69 ST,7,12,0.0,1,28.0,23.0,127.0
69 ST,7,12,1.0,0,39.0,28.0,155.0
69 ST,7,12,1.0,1,51.0,33.0,94.0
69 ST,7,13,0.0,0,22.0,14.0,187.0
69 ST,7,13,0.0,1,51.0,35.0,248.0
69 ST,7,13,1.0,0,37.0,25.0,128.0
69 ST,7,13,1.0,1,23.0,15.0,57.0
69 ST,7,14,0.0,0,35.0,23.0,260.0
69 ST,7,14,0.0,1,65.0,42.0,380.0
69 ST,7,14,1.0,0,37.0,25.0,125.0
69 ST,7,14,1.0,1,22.0,13.0,41.0
69 ST,7,15,0.0,0,36.0,23.0,359.0
69 ST,7,15,0.0,1,79.0,46.0,539.0
69 ST,7,15,1.0,0,24.0,17.0,98.0
69 ST,7,15,1.0,1,26.0,17.0,32.0
69 ST,7,16,0.0,0,34.0,22.0,343.0
69 ST,7,16,0.0,1,92.0,49.0,795.0
69 ST,7,16,1.0,0,25.0,17.0,97.0
69 ST,7,16,1.0,1,13.0,8.0,49.0
69 ST,7,17,0.0,0,36.0,23.0,343.0
69 ST,7,17,0.0,1,97.0,49.0,895.0
69 ST,7,17,1.0,0,23.0,15.0,175.0
69 ST,7,17,1.0,1,12.0,8.0,28.0
69 ST,7,18,0.0,0,45.0,29.0,404.0
69 ST,7,18,0.0,1,77.0,37.0,683.0
69 ST,7,18,1.0,0,26.0,17.0,211.0
69 ST,7,18,1.0,1,11.0,7.0,40.0
69 ST,7,19,0.0,0,37.0,24.0,356.0
69 ST,7,19,0.0,1,91.0,44.0,772.0
69 ST,7,19,1.0,0,18.0,11.0,216.0
69 ST,7,19,1.0,1,12.0,7.0,46.0
69 ST,7,20,0.0,0,30.0,19.0,317.0
69 ST,7,20,0.0,1,67.0,36.0,633.0
69 ST,7,20,1.0,0,16.0,9.0,185.0
69 ST,7,20,1.0,1,10.0,6.0,31.0
69 ST,7,21,0.0,0,37.0,24.0,354.0
69 ST,7,21,0.0,1,56.0,32.0,529.0
69 ST,7,21,1.0,0,17.0,10.0,186.0
69 ST,7,21,1.0,1,6.0,3.0,19.0
69 ST,7,22,0.0,0,42.0,30.0,315.0
69 ST,7,22,0.0,1,30.0,22.0,320.0
69 ST,7,22,1.0,0,13.0,7.0,212.0
69 ST,7,22,1.0,1,4.0,2.0,21.0
69 ST,7,23,0.0,0,39.0,28.0,267.0
69 ST,7,23,0.0,1,17.0,19.0,111.0
69 ST,7,23,1.0,0,5.0,3.0,194.0
69 ST,7,23,1.0,1,2.0,1.0,45.0
74 ST-BROADWAY,7,0,0.0,0,22.0,18.0,170.0
74 ST-BROADWAY,7,0,0.0,1,11.0,11.0,106.0
74 ST-BROADWAY,7,0,1.0,0,5.0,3.0,221.0
74 ST-BROADWAY,7,0,1.0,1,7.0,3.0,77.0
74 ST-BROADWAY,7,1,0.0,0,17.0,12.0,157.0
74 ST-BROADWAY,7,1,0.0,1,9.0,7.0,120.0
74 ST-BROADWAY,7,1,1.0,0,2.0,1.0,192.0
74 ST-BROADWAY,7,1,1.0,1,5.0,1.0,72.0
74 ST-BROADWAY,7,2,0.0,0,0.0,0.0,159.0
74 ST-BROADWAY,7,2,0.0,1,0.0,0.0,131.0
74 ST-BROADWAY,7,2,1.0,0,0.0,0.0,15.0
74 ST-BROADWAY,7,2,1.0,1,0.0,0.0,12.0
74 ST-BROADWAY,7,3,0.0,0,0.0,0.0,169.0
74 ST-BROADWAY,7,3,0.0,1,0.0,0.0,119.0
74 ST-BROADWAY,7,3,1.0,0,0.0,0.0,12.0
74 ST-BROADWAY,7,3,1.0,1,0.0,0.0,8.0
74 ST-BROADWAY,7,4,0.0,0,0.0,0.0,147.0
74 ST-BROADWAY,7,4,0.0,1,0.0,0.0,84.0
74 ST-BROADWAY,7,4,1.0,0,0.0,0.0,5.0
74 ST-BROADWAY,7,4,1.0,1,0.0,0.0,8.0
74 ST-BROADWAY,7,5,0.0,0,13.0,0.0,60.0
74 ST-BROADWAY,7,5,0.0,1,2.0,4.0,39.0
74 ST-BROADWAY,7,5,1.0,0,7.0,9.0,1.0
74 ST-BROADWAY,7,5,1.0,1,8.0,7.0,20.0
74 ST-BROADWAY,7,6,0.0,0,2.0,0.0,55.0
74 ST-BROADWAY,7,6,0.0,1,13.0,8.0,17.0
74 ST-BROADWAY,7,6,1.0,0,8.0,9.0,2.0
74 ST-BROADWAY,7,6,1.0,1,11.0,3.0,30.0
74 ST-BROADWAY,7,7,0.0,0,3.0,1.0,45.0
74 ST-BROADWAY,7,7,0.0,1,16.0,10.0,10.0
74 ST-BROADWAY,7,7,1.0,0,19.0,13.0,45.0
74 ST-BROADWAY,7,7,1.0,1,17.0,5.0,42.0
74 ST-BROADWAY,7,8,0.0,0,6.0,2.0,69.0
74 ST-BROADWAY,7,8,0.0,1,20.0,13.0,14.0
74 ST-BROADWAY,7,8,1.0,0,32.0,22.0,121.0
74 ST-BROADWAY,7,8,1.0,1,19.0,9.0,63.0
74 ST-BROADWAY,7,9,0.0,0,6.0,3.0,74.0
74 ST-BROADWAY,7,9,0.0,1,21.0,14.0,16.0
74 ST-BROADWAY,7,9,1.0,0,43.0,28.0,134.0
74 ST-BROADWAY,7,9,1.0,1,19.0,15.0,101.0
74 ST-BROADWAY,7,10,0.0,0,6.0,3.0,65.0
74 ST-BROADWAY,7,10,0.0,1,18.0,13.0,18.0
74 ST-BROADWAY,7,10,1.0,0,43.0,27.0,166.0
74 ST-BROADWAY,7,10,1.0,1,29.0,23.0,123.0
74 ST-BROADWAY,7,11,0.0,0,7.0,3.0,55.0
74 ST-BROADWAY,7,11,0.0,1,15.0,12.0,46.0
74 ST-BROADWAY,7,11,1.0,0,44.0,29.0,181.0
74 ST-BROADWAY,7,11,1.0,1,27.0,18.0,130.0
74 ST-BROADWAY,7,12,0.0,0,18.0,11.0,118.0
74 ST-BROADWAY,7,12,0.0,1,30.0,20.0,123.0
74 ST-BROADWAY,7,12,1.0,0,40.0,28.0,150.0
74 ST-BROADWAY,7,12,1.0,1,51.0,34.0,93.0
74 ST-BROADWAY,7,13,0.0,0,21.0,14.0,183.0
74 ST-BROADWAY,7,13,0.0,1,49.0,31.0,243.0
74 ST-BROADWAY,7,13,1.0,0,39.0,26.0,125.0
74 ST-BROADWAY,7,13,1.0,1,25.0,16.0,59.0
74 ST-BROADWAY,7,14,0.0,0,35.0,23.0,257.0
74 ST-BROADWAY,7,14,0.0,1,66.0,38.0,373.0
74 ST-BROADWAY,7,14,1.0,0,36.0,24.0,117.0
74 ST-BROADWAY,7,14,1.0,1,25.0,16.0,45.0
74 ST-BROADWAY,7,15,0.0,0,35.0,22.0,355.0
74 ST-BROADWAY,7,15,0.0,1,86.0,47.0,530.0
74 ST-BROADWAY,7,15,1.0,0,26.0,18.0,95.0
74 ST-BROADWAY,7,15,1.0,1,27.0,18.0,46.0
74 ST-BROADWAY,7,16,0.0,0,33.0,21.0,338.0
74 ST-BROADWAY,7,16,0.0,1,91.0,49.0,788.0
74 ST-BROADWAY,7,16,1.0,0,26.0,18.0,96.0
74 ST-BROADWAY,7,16,1.0,1,16.0,10.0,58.0
74 ST-BROADWAY,7,17,0.0,0,35.0,23.0,341.0
74 ST-BROADWAY,7,17,0.0,1,96.0,49.0,892.0
74 ST-BROADWAY,7,17,1.0,0,26.0,17.0,173.0
74 ST-BROADWAY,7,17,1.0,1,14.0,9.0,34.0
74 ST-BROADWAY,7,18,0.0,0,46.0,30.0,401.0
74 ST-BROADWAY,7,18,0.0,1,76.0,38.0,677.0
74 ST-BROADWAY,7,18,1.0,0,28.0,18.0,211.0
74 ST-BROADWAY,7,18,1.0,1,14.0,9.0,52.0
74 ST-BROADWAY,7,19,0.0,0,37.0,25.0,353.0
74 ST-BROADWAY,7,19,0.0,1,90.0,45.0,765.0
74 ST-BROADWAY,7,19,1.0,0,22.0,13.0,218.0
74 ST-BROADWAY,7,19,1.0,1,16.0,9.0,56.0
74 ST-BROADWAY,7,20,0.0,0,30.0,20.0,315.0
74 ST-BROADWAY,7,20,0.0,1,68.0,36.0,625.0
74 ST-BROADWAY,7,20,1.0,0,19.0,11.0,191.0
74 ST-BROADWAY,7,20,1.0,1,14.0,8.0,44.0
74 ST-BROADWAY,7,21,0.0,0,36.0,24.0,341.0
74 ST-BROADWAY,7,21,0.0,1,56.0,32.0,539.0
74 ST-BROADWAY,7,21,1.0,0,19.0,12.0,195.0
74 ST-BROADWAY,7,21,1.0,1,9.0,5.0,32.0
74 ST-BROADWAY,7,22,0.0,0,41.0,29.0,327.0
74 ST-BROADWAY,7,22,0.0,1,30.0,22.0,332.0
74 ST-BROADWAY,7,22,1.0,0,15.0,9.0,221.0
74 ST-BROADWAY,7,22,1.0,1,5.0,2.0,32.0
74 ST-BROADWAY,7,23,0.0,0,38.0,28.0,262.0
74 ST-BROADWAY,7,23,0.0,1,17.0,19.0,111.0
74 ST-BROADWAY,7,23,1.0,0,6.0,4.0,207.0
74 ST-BROADWAY,7,23,1.0,1,4.0,2.0,55.0
82 ST-JACKSON H,7,0,0.0,0,14.0,13.0,130.0
82 ST-JACKSON H,7,0,0.0,1,8.0,8.0,76.0
82 ST-JACKSON H,7,0,1.0,0,5.0,3.0,214.0
82 ST-JACKSON H,7,0,1.0,1,4.0,2.0,77.0
82 ST-JACKSON H,7,1,0.0,0,10.0,8.0,116.0
82 ST-JACKSON H,7,1,0.0,1,9.0,7.0,87.0
82 ST-JACKSON H,7,1,1.0,0,2.0,1.0,189.0
82 ST-JACKSON H,7,1,1.0,1,5.0,1.0,69.0
82 ST-JACKSON H,7,2,0.0,0,0.0,0.0,142.0
82 ST-JACKSON H,7,2,0.0,1,0.0,0.0,121.0
82 ST-JACKSON H,7,2,1.0,0,0.0,0.0,15.0
82 ST-JACKSON H,7,2,1.0,1,0.0,0.0,12.0
82 ST-JACKSON H,7,3,0.0,0,0.0,0.0,155.0
82 ST-JACKSON H,7,3,0.0,1,0.0,0.0,112.0
82 ST-JACKSON H,7,3,1.0,0,0.0,0.0,12.0
82 ST-JACKSON H,7,3,1.0,1,0.0,0.0,7.0
82 ST-JACKSON H,7,4,0.0,0,0.0,0.0,129.0
82 ST-JACKSON H,7,4,0.0,1,0.0,0.0,77.0
82 ST-JACKSON H,7,4,1.0,0,0.0,0.0,5.0
82 ST-JACKSON H,7,4,1.0,1,0.0,0.0,7.0
82 ST-JACKSON H,7,5,0.0,0,11.0,0.0,40.0
82 ST-JACKSON H,7,5,0.0,1,2.0,4.0,36.0
82 ST-JACKSON H,7,5,1.0,0,6.0,10.0,1.0
82 ST-JACKSON H,7,5,1.0,1,10.0,6.0,19.0
82 ST-JACKSON H,7,6,0.0,0,0.0,0.0,46.0
82 ST-JACKSON H,7,6,0.0,1,13.0,8.0,16.0
82 ST-JACKSON H,7,6,1.0,0,8.0,9.0,2.0
82 ST-JACKSON H,7,6,1.0,1,11.0,3.0,28.0
82 ST-JACKSON H,7,7,0.0,0,2.0,1.0,38.0
82 ST-JACKSON H,7,7,0.0,1,17.0,11.0,10.0
82 ST-JACKSON H,7,7,1.0,0,18.0,13.0,50.0
82 ST-JACKSON H,7,7,1.0,1,17.0,6.0,44.0
82 ST-JACKSON H,7,8,0.0,0,5.0,2.0,67.0
82 ST-JACKSON H,7,8,0.0,1,20.0,13.0,14.0
82 ST-JACKSON H,7,8,1.0,0,32.0,22.0,115.0
82 ST-JACKSON H,7,8,1.0,1,19.0,9.0,62.0
82 ST-JACKSON H,7,9,0.0,0,4.0,3.0,69.0
82 ST-JACKSON H,7,9,0.0,1,22.0,15.0,18.0
82 ST-JACKSON H,7,9,1.0,0,41.0,27.0,132.0
82 ST-JACKSON H,7,9,1.0,1,20.0,15.0,101.0
82 ST-JACKSON H,7,10,0.0,0,4.0,3.0,59.0
82 ST-JACKSON H,7,10,0.0,1,19.0,14.0,19.0
82 ST-JACKSON H,7,10,1.0,0,44.0,28.0,163.0
82 ST-JACKSON H,7,10,1.0,1,29.0,23.0,122.0
82 ST-JACKSON H,7,11,0.0,0,5.0,3.0,48.0
82 ST-JACKSON H,7,11,0.0,1,12.0,10.0,42.0
82 ST-JACKSON H,7,11,1.0,0,44.0,29.0,174.0
82 ST-JACKSON H,7,11,1.0,1,33.0,26.0,125.0
82 ST-JACKSON H,7,12,0.0,0,15.0,10.0,115.0
82 ST-JACKSON H,7,12,0.0,1,22.0,15.0,122.0
82 ST-JACKSON H,7,12,1.0,0,39.0,27.0,142.0
82 ST-JACKSON H,7,12,1.0,1,37.0,27.0,85.0
82 ST-JACKSON H,7,13,0.0,0,18.0,12.0,182.0
82 ST-JACKSON H,7,13,0.0,1,39.0,25.0,242.0
82 ST-JACKSON H,7,13,1.0,0,37.0,24.0,117.0
82 ST-JACKSON H,7,13,1.0,1,19.0,13.0,54.0
82 ST-JACKSON H,7,14,0.0,0,29.0,19.0,255.0
82 ST-JACKSON H,7,14,0.0,1,50.0,29.0,371.0
82 ST-JACKSON H,7,14,1.0,0,36.0,23.0,114.0
82 ST-JACKSON H,7,14,1.0,1,16.0,10.0,41.0
82 ST-JACKSON H,7,15,0.0,0,27.0,18.0,345.0
82 ST-JACKSON H,7,15,0.0,1,64.0,35.0,530.0
82 ST-JACKSON H,7,15,1.0,0,26.0,17.0,90.0
82 ST-JACKSON H,7,15,1.0,1,33.0,20.0,42.0
82 ST-JACKSON H,7,16,0.0,0,27.0,18.0,333.0
82 ST-JACKSON H,7,16,0.0,1,71.0,38.0,715.0
82 ST-JACKSON H,7,16,1.0,0,26.0,18.0,94.0
82 ST-JACKSON H,7,16,1.0,1,17.0,10.0,58.0
82 ST-JACKSON H,7,17,0.0,0,24.0,17.0,311.0
82 ST-JACKSON H,7,17,0.0,1,80.0,39.0,850.0
82 ST-JACKSON H,7,17,1.0,0,25.0,16.0,171.0
82 ST-JACKSON H,7,17,1.0,1,14.0,9.0,34.0
82 ST-JACKSON H,7,18,0.0,0,34.0,23.0,373.0
82 ST-JACKSON H,7,18,0.0,1,55.0,26.0,620.0
82 ST-JACKSON H,7,18,1.0,0,29.0,18.0,210.0
82 ST-JACKSON H,7,18,1.0,1,15.0,9.0,51.0
82 ST-JACKSON H,7,19,0.0,0,31.0,21.0,342.0
82 ST-JACKSON H,7,19,0.0,1,72.0,35.0,685.0
82 ST-JACKSON H,7,19,1.0,0,22.0,13.0,210.0
82 ST-JACKSON H,7,19,1.0,1,16.0,9.0,54.0
82 ST-JACKSON H,7,20,0.0,0,22.0,14.0,274.0
82 ST-JACKSON H,7,20,0.0,1,54.0,27.0,582.0
82 ST-JACKSON H,7,20,1.0,0,18.0,10.0,186.0
82 ST-JACKSON H,7,20,1.0,1,14.0,8.0,41.0
82 ST-JACKSON H,7,21,0.0,0,26.0,18.0,303.0
82 ST-JACKSON H,7,21,0.0,1,49.0,27.0,514.0
82 ST-JACKSON H,7,21,1.0,0,20.0,12.0,194.0
82 ST-JACKSON H,7,21,1.0,1,9.0,5.0,30.0
82 ST-JACKSON H,7,22,0.0,0,26.0,20.0,269.0
82 ST-JACKSON H,7,22,0.0,1,25.0,17.0,317.0
82 ST-JACKSON H,7,22,1.0,0,14.0,8.0,213.0
82 ST-JACKSON H,7,22,1.0,1,5.0,2.0,28.0
82 ST-JACKSON H,7,23,0.0,0,28.0,23.0,197.0
82 ST-JACKSON H,7,23,0.0,1,14.0,16.0,87.0
82 ST-JACKSON H,7,23,1.0,0,6.0,4.0,203.0
82 ST-JACKSON H,7,23,1.0,1,4.0,2.0,52.0
90 ST-ELMHURST,7,0,0.0,0,10.0,9.0,110.0
90 ST-ELMHURST,7,0,0.0,1,6.0,6.0,51.0
90 ST-ELMHURST,7,0,1.0,0,7.0,3.0,225.0
90 ST-ELMHURST,7,0,1.0,1,6.0,3.0,83.0
90 ST-ELMHURST,7,1,0.0,0,6.0,5.0,97.0
90 ST-ELMHURST,7,1,0.0,1,7.0,5.0,83.0
90 ST-ELMHURST,7,1,1.0,0,2.0,1.0,214.0
90 ST-ELMHURST,7,1,1.0,1,5.0,1.0,82.0
90 ST-ELMHURST,7,2,0.0,0,0.0,0.0,137.0
90 ST-ELMHURST,7,2,0.0,1,0.0,0.0,120.0
90 ST-ELMHURST,7,2,1.0,0,0.0,0.0,17.0
90 ST-ELMHURST,7,2,1.0,1,0.0,0.0,14.0
90 ST-ELMHURST,7,3,0.0,0,0.0,0.0,152.0
90 ST-ELMHURST,7,3,0.0,1,0.0,0.0,113.0
90 ST-ELMHURST,7,3,1.0,0,0.0,0.0,8.0
90 ST-ELMHURST,7,3,1.0,1,0.0,0.0,10.0
90 ST-ELMHURST,7,4,0.0,0,0.0,0.0,126.0
90 ST-ELMHURST,7,4,0.0,1,0.0,0.0,78.0
90 ST-ELMHURST,7,4,1.0,0,0.0,0.0,4.0
90 ST-ELMHURST,7,4,1.0,1,0.0,0.0,16.0
90 ST-ELMHURST,7,5,0.0,0,12.0,1.0,37.0
90 ST-ELMHURST,7,5,0.0,1,2.0,4.0,36.0
90 ST-ELMHURST,7,5,1.0,0,11.0,13.0,5.0
90 ST-ELMHURST,7,5,1.0,1,10.0,5.0,27.0
90 ST-ELMHURST,7,6,0.0,0,2.0,1.0,45.0
90 ST-ELMHURST,7,6,0.0,1,13.0,9.0,17.0
90 ST-ELMHURST,7,6,1.0,0,12.0,10.0,13.0
90 ST-ELMHURST,7,6,1.0,1,10.0,3.0,28.0
90 ST-ELMHURST,7,7,0.0,0,2.0,2.0,37.0
90 ST-ELMHURST,7,7,0.0,1,17.0,12.0,11.0
90 ST-ELMHURST,7,7,1.0,0,20.0,13.0,53.0
90 ST-ELMHURST,7,7,1.0,1,16.0,5.0,38.0
90 ST-ELMHURST,7,8,0.0,0,5.0,3.0,65.0
90 ST-ELMHURST,7,8,0.0,1,21.0,14.0,15.0
90 ST-ELMHURST,7,8,1.0,0,32.0,21.0,110.0
90 ST-ELMHURST,7,8,1.0,1,21.0,9.0,56.0
90 ST-ELMHURST,7,9,0.0,0,5.0,3.0,69.0
90 ST-ELMHURST,7,9,0.0,1,23.0,16.0,19.0
90 ST-ELMHURST,7,9,1.0,0,40.0,25.0,123.0
90 ST-ELMHURST,7,9,1.0,1,17.0,14.0,90.0
90 ST-ELMHURST,7,10,0.0,0,4.0,3.0,61.0
90 ST-ELMHURST,7,10,0.0,1,20.0,15.0,20.0
90 ST-ELMHURST,7,10,1.0,0,44.0,26.0,150.0
90 ST-ELMHURST,7,10,1.0,1,27.0,22.0,109.0
90 ST-ELMHURST,7,11,0.0,0,4.0,3.0,48.0
90 ST-ELMHURST,7,11,0.0,1,15.0,11.0,40.0
90 ST-ELMHURST,7,11,1.0,0,44.0,28.0,163.0
90 ST-ELMHURST,7,11,1.0,1,33.0,26.0,126.0
90 ST-ELMHURST,7,12,0.0,0,14.0,9.0,105.0
90 ST-ELMHURST,7,12,0.0,1,23.0,16.0,111.0
90 ST-ELMHURST,7,12,1.0,0,40.0,28.0,145.0
90 ST-ELMHURST,7,12,1.0,1,41.0,30.0,103.0
90 ST-ELMHURST,7,13,0.0,0,16.0,11.0,167.0
90 ST-ELMHURST,7,13,0.0,1,41.0,26.0,223.0
90 ST-ELMHURST,7,13,1.0,0,43.0,28.0,131.0
90 ST-ELMHURST,7,13,1.0,1,25.0,16.0,87.0
90 ST-ELMHURST,7,14,0.0,0,24.0,17.0,235.0
90 ST-ELMHURST,7,14,0.0,1,47.0,28.0,346.0
90 ST-ELMHURST,7,14,1.0,0,39.0,26.0,130.0
90 ST-ELMHURST,7,14,1.0,1,21.0,13.0,84.0
90 ST-ELMHURST,7,15,0.0,0,23.0,15.0,328.0
90 ST-ELMHURST,7,15,0.0,1,57.0,31.0,499.0
90 ST-ELMHURST,7,15,1.0,0,28.0,20.0,110.0
90 ST-ELMHURST,7,15,1.0,1,37.0,23.0,72.0
90 ST-ELMHURST,7,16,0.0,0,24.0,17.0,318.0
90 ST-ELMHURST,7,16,0.0,1,64.0,34.0,699.0
90 ST-ELMHURST,7,16,1.0,0,28.0,20.0,107.0
90 ST-ELMHURST,7,16,1.0,1,18.0,11.0,62.0
90 ST-ELMHURST,7,17,0.0,0,19.0,13.0,297.0
90 ST-ELMHURST,7,17,0.0,1,71.0,35.0,864.0
90 ST-ELMHURST,7,17,1.0,0,35.0,23.0,181.0
90 ST-ELMHURST,7,17,1.0,1,15.0,10.0,34.0
90 ST-ELMHURST,7,18,0.0,0,28.0,20.0,356.0
90 ST-ELMHURST,7,18,0.0,1,42.0,20.0,588.0
90 ST-ELMHURST,7,18,1.0,0,26.0,19.0,222.0
90 ST-ELMHURST,7,18,1.0,1,16.0,10.0,59.0
90 ST-ELMHURST,7,19,0.0,0,24.0,17.0,326.0
90 ST-ELMHURST,7,19,0.0,1,62.0,29.0,686.0
90 ST-ELMHURST,7,19,1.0,0,24.0,17.0,224.0
90 ST-ELMHURST,7,19,1.0,1,17.0,10.0,38.0
90 ST-ELMHURST,7,20,0.0,0,18.0,12.0,258.0
90 ST-ELMHURST,7,20,0.0,1,42.0,21.0,559.0
90 ST-ELMHURST,7,20,1.0,0,22.0,14.0,192.0
90 ST-ELMHURST,7,20,1.0,1,15.0,10.0,37.0
90 ST-ELMHURST,7,21,0.0,0,16.0,11.0,284.0
90 ST-ELMHURST,7,21,0.0,1,38.0,21.0,492.0
90 ST-ELMHURST,7,21,1.0,0,21.0,13.0,230.0
90 ST-ELMHURST,7,21,1.0,1,9.0,6.0,35.0
90 ST-ELMHURST,7,22,0.0,0,19.0,15.0,235.0
90 ST-ELMHURST,7,22,0.0,1,21.0,15.0,296.0
90 ST-ELMHURST,7,22,1.0,0,16.0,8.0,226.0
90 ST-ELMHURST,7,22,1.0,1,5.0,3.0,34.0
90 ST-ELMHURST,7,23,0.0,0,22.0,19.0,176.0
90 ST-ELMHURST,7,23,0.0,1,11.0,14.0,70.0
90 ST-ELMHURST,7,23,1.0,0,8.0,4.0,215.0
90 ST-ELMHURST,7,23,1.0,1,5.0,3.0,56.0
COURT SQ,7,0,0.0,0,31.0,19.0,269.0
COURT SQ,7,0,0.0,1,22.0,16.0,188.0
COURT SQ,7,0,1.0,0,2.0,2.0,135.0
COURT SQ,7,0,1.0,1,5.0,3.0,33.0
COURT SQ,7,1,0.0,0,25.0,15.0,273.0
COURT SQ,7,1,0.0,1,21.0,18.0,204.0
COURT SQ,7,1,1.0,0,1.0,1.0,150.0
COURT SQ,7,1,1.0,1,2.0,1.0,43.0
COURT SQ,7,2,0.0,0,0.0,0.0,254.0
COURT SQ,7,2,0.0,1,0.0,0.0,171.0
COURT SQ,7,2,1.0,0,0.0,0.0,32.0
COURT SQ,7,2,1.0,1,0.0,0.0,20.0
COURT SQ,7,3,0.0,0,0.0,0.0,211.0
COURT SQ,7,3,0.0,1,0.0,0.0,112.0
COURT SQ,7,3,1.0,0,0.0,0.0,8.0
COURT SQ,7,3,1.0,1,0.0,0.0,6.0
COURT SQ,7,4,0.0,0,0.0,0.0,165.0
COURT SQ,7,4,0.0,1,0.0,0.0,69.0
COURT SQ,7,4,1.0,0,0.0,0.0,8.0
COURT SQ,7,4,1.0,1,0.0,0.0,20.0
COURT SQ,7,5,0.0,0,7.0,1.0,79.0
COURT SQ,7,5,0.0,1,5.0,6.0,26.0
COURT SQ,7,5,1.0,0,3.0,5.0,5.0
COURT SQ,7,5,1.0,1,7.0,4.0,34.0
COURT SQ,7,6,0.0,0,0.0,2.0,46.0
COURT SQ,7,6,0.0,1,11.0,8.0,10.0
COURT SQ,7,6,1.0,0,10.0,8.0,12.0
COURT SQ,7,6,1.0,1,18.0,4.0,61.0
COURT SQ,7,7,0.0,0,2.0,1.0,30.0
COURT SQ,7,7,0.0,1,13.0,10.0,6.0
COURT SQ,7,7,1.0,0,13.0,9.0,53.0
COURT SQ,7,7,1.0,1,18.0,4.0,69.0
COURT SQ,7,8,0.0,0,5.0,2.0,57.0
COURT SQ,7,8,0.0,1,15.0,11.0,11.0
COURT SQ,7,8,1.0,0,36.0,23.0,171.0
COURT SQ,7,8,1.0,1,25.0,8.0,103.0
COURT SQ,7,9,0.0,0,4.0,1.0,52.0
COURT SQ,7,9,0.0,1,17.0,13.0,13.0
COURT SQ,7,9,1.0,0,73.0,58.0,191.0
COURT SQ,7,9,1.0,1,23.0,15.0,150.0
COURT SQ,7,10,0.0,0,5.0,1.0,50.0
COURT SQ,7,10,0.0,1,12.0,10.0,22.0
COURT SQ,7,10,1.0,0,48.0,31.0,242.0
COURT SQ,7,10,1.0,1,27.0,19.0,192.0
COURT SQ,7,11,0.0,0,9.0,2.0,50.0
COURT SQ,7,11,0.0,1,18.0,12.0,52.0
COURT SQ,7,11,1.0,0,43.0,29.0,262.0
COURT SQ,7,11,1.0,1,32.0,22.0,169.0
COURT SQ,7,12,0.0,0,18.0,6.0,104.0
COURT SQ,7,12,0.0,1,34.0,21.0,129.0
COURT SQ,7,12,1.0,0,40.0,28.0,223.0
COURT SQ,7,12,1.0,1,49.0,33.0,118.0
COURT SQ,7,13,0.0,0,25.0,7.0,164.0
COURT SQ,7,13,0.0,1,52.0,29.0,242.0
COURT SQ,7,13,1.0,0,33.0,24.0,172.0
COURT SQ,7,13,1.0,1,39.0,25.0,52.0
COURT SQ,7,14,0.0,0,34.0,12.0,223.0
COURT SQ,7,14,0.0,1,67.0,37.0,358.0
COURT SQ,7,14,1.0,0,23.0,17.0,134.0
COURT SQ,7,14,1.0,1,20.0,13.0,28.0
COURT SQ,7,15,0.0,0,41.0,14.0,321.0
COURT SQ,7,15,0.0,1,86.0,46.0,531.0
COURT SQ,7,15,1.0,0,32.0,23.0,98.0
COURT SQ,7,15,1.0,1,26.0,17.0,45.0
COURT SQ,7,16,0.0,0,42.0,17.0,297.0
COURT SQ,7,16,0.0,1,88.0,44.0,746.0
COURT SQ,7,16,1.0,0,22.0,18.0,91.0
COURT SQ,7,16,1.0,1,18.0,12.0,59.0
COURT SQ,7,17,0.0,0,48.0,21.0,341.0
COURT SQ,7,17,0.0,1,86.0,42.0,757.0
COURT SQ,7,17,1.0,0,20.0,15.0,125.0
COURT SQ,7,17,1.0,1,15.0,9.0,46.0
COURT SQ,7,18,0.0,0,56.0,24.0,400.0
COURT SQ,7,18,0.0,1,75.0,35.0,649.0
COURT SQ,7,18,1.0,0,22.0,16.0,176.0
COURT SQ,7,18,1.0,1,13.0,8.0,42.0
COURT SQ,7,19,0.0,0,52.0,28.0,350.0
COURT SQ,7,19,0.0,1,83.0,40.0,736.0
COURT SQ,7,19,1.0,0,14.0,10.0,173.0
COURT SQ,7,19,1.0,1,11.0,8.0,44.0
COURT SQ,7,20,0.0,0,45.0,22.0,339.0
COURT SQ,7,20,0.0,1,69.0,35.0,593.0
COURT SQ,7,20,1.0,0,13.0,9.0,128.0
COURT SQ,7,20,1.0,1,12.0,8.0,29.0
COURT SQ,7,21,0.0,0,51.0,27.0,410.0
COURT SQ,7,21,0.0,1,58.0,32.0,513.0
COURT SQ,7,21,1.0,0,10.0,8.0,125.0
COURT SQ,7,21,1.0,1,7.0,5.0,19.0
COURT SQ,7,22,0.0,0,49.0,29.0,407.0
COURT SQ,7,22,0.0,1,36.0,24.0,315.0
COURT SQ,7,22,1.0,0,16.0,11.0,121.0
COURT SQ,7,22,1.0,1,3.0,3.0,10.0
COURT SQ,7,23,0.0,0,45.0,27.0,374.0
COURT SQ,7,23,0.0,1,23.0,21.0,171.0
COURT SQ,7,23,1.0,0,3.0,4.0,123.0
COURT SQ,7,23,1.0,1,3.0,6.0,27.0
FLUSHING-MAIN,7,0,0.0,0,1.0,0.0,18.0
FLUSHING-MAIN,7,0,0.0,1,0.0,0.0,1.0
FLUSHING-MAIN,7,0,1.0,0,21.0,15.0,96.0
FLUSHING-MAIN,7,0,1.0,1,21.0,15.0,43.0
FLUSHING-MAIN,7,1,0.0,0,0.0,0.0,0.0
FLUSHING-MAIN,7,1,0.0,1,0.0,0.0,9.0
FLUSHING-MAIN,7,1,1.0,0,14.0,11.0,90.0
FLUSHING-MAIN,7,1,1.0,1,16.0,12.0,62.0
FLUSHING-MAIN,7,2,0.0,0,0.0,0.0,0.0
FLUSHING-MAIN,7,2,0.0,1,0.0,0.0,26.0
FLUSHING-MAIN,7,2,1.0,0,0.0,0.0,53.0
FLUSHING-MAIN,7,2,1.0,1,0.0,0.0,32.0
FLUSHING-MAIN,7,3,0.0,0,0.0,0.0,0.0
FLUSHING-MAIN,7,3,0.0,1,0.0,0.0,35.0
FLUSHING-MAIN,7,3,1.0,0,0.0,0.0,52.0
FLUSHING-MAIN,7,3,1.0,1,0.0,0.0,34.0
FLUSHING-MAIN,7,4,0.0,0,0.0,0.0,2.0
FLUSHING-MAIN,7,4,0.0,1,0.0,0.0,27.0
FLUSHING-MAIN,7,4,1.0,0,0.0,0.0,27.0
FLUSHING-MAIN,7,4,1.0,1,0.0,0.0,18.0
FLUSHING-MAIN,7,5,0.0,0,0.0,0.0,0.0
FLUSHING-MAIN,7,5,0.0,1,0.0,0.0,21.0
FLUSHING-MAIN,7,5,1.0,0,0.0,0.0,8.0
FLUSHING-MAIN,7,5,1.0,1,0.0,0.0,1.0
FLUSHING-MAIN,7,6,0.0,0,0.0,5.0,8.0
FLUSHING-MAIN,7,6,0.0,1,7.0,6.0,12.0
FLUSHING-MAIN,7,6,1.0,0,0.0,0.0,13.0
FLUSHING-MAIN,7,6,1.0,1,1.0,1.0,1.0
FLUSHING-MAIN,7,7,0.0,0,0.0,0.0,15.0
FLUSHING-MAIN,7,7,0.0,1,15.0,12.0,2.0
FLUSHING-MAIN,7,7,1.0,0,6.0,3.0,27.0
FLUSHING-MAIN,7,7,1.0,1,3.0,2.0,24.0
FLUSHING-MAIN,7,8,0.0,0,0.0,2.0,42.0
FLUSHING-MAIN,7,8,0.0,1,21.0,15.0,2.0
FLUSHING-MAIN,7,8,1.0,0,14.0,8.0,39.0
FLUSHING-MAIN,7,8,1.0,1,5.0,3.0,47.0
FLUSHING-MAIN,7,9,0.0,0,3.0,1.0,59.0
FLUSHING-MAIN,7,9,0.0,1,20.0,15.0,4.0
FLUSHING-MAIN,7,9,1.0,0,29.0,15.0,44.0
FLUSHING-MAIN,7,9,1.0,1,7.0,5.0,53.0
FLUSHING-MAIN,7,10,0.0,0,0.0,0.0,33.0
FLUSHING-MAIN,7,10,0.0,1,18.0,16.0,6.0
FLUSHING-MAIN,7,10,1.0,0,25.0,15.0,60.0
FLUSHING-MAIN,7,10,1.0,1,11.0,8.0,47.0
FLUSHING-MAIN,7,11,0.0,0,0.0,0.0,13.0
FLUSHING-MAIN,7,11,0.0,1,6.0,4.0,9.0
FLUSHING-MAIN,7,11,1.0,0,32.0,18.0,82.0
FLUSHING-MAIN,7,11,1.0,1,21.0,13.0,43.0
FLUSHING-MAIN,7,12,0.0,0,1.0,1.0,27.0
FLUSHING-MAIN,7,12,0.0,1,0.0,3.0,17.0
FLUSHING-MAIN,7,12,1.0,0,49.0,28.0,99.0
FLUSHING-MAIN,7,12,1.0,1,34.0,21.0,36.0
FLUSHING-MAIN,7,13,0.0,0,0.0,0.0,39.0
FLUSHING-MAIN,7,13,0.0,1,4.0,4.0,53.0
FLUSHING-MAIN,7,13,1.0,0,72.0,42.0,113.0
FLUSHING-MAIN,7,13,1.0,1,40.0,24.0,38.0
FLUSHING-MAIN,7,14,0.0,0,0.0,0.0,30.0
FLUSHING-MAIN,7,14,0.0,1,6.0,5.0,124.0
FLUSHING-MAIN,7,14,1.0,0,66.0,39.0,127.0
FLUSHING-MAIN,7,14,1.0,1,43.0,26.0,39.0
FLUSHING-MAIN,7,15,0.0,0,0.0,0.0,88.0
FLUSHING-MAIN,7,15,0.0,1,0.0,0.0,222.0
FLUSHING-MAIN,7,15,1.0,0,59.0,36.0,121.0
FLUSHING-MAIN,7,15,1.0,1,53.0,31.0,38.0
FLUSHING-MAIN,7,16,0.0,0,0.0,0.0,79.0
FLUSHING-MAIN,7,16,0.0,1,37.0,14.0,485.0
FLUSHING-MAIN,7,16,1.0,0,59.0,35.0,134.0
FLUSHING-MAIN,7,16,1.0,1,53.0,31.0,27.0
FLUSHING-MAIN,7,17,0.0,0,1.0,0.0,22.0
FLUSHING-MAIN,7,17,0.0,1,10.0,7.0,677.0
FLUSHING-MAIN,7,17,1.0,0,63.0,38.0,186.0
FLUSHING-MAIN,7,17,1.0,1,59.0,34.0,25.0
FLUSHING-MAIN,7,18,0.0,0,0.0,4.0,35.0
FLUSHING-MAIN,7,18,0.0,1,0.0,0.0,318.0
FLUSHING-MAIN,7,18,1.0,0,90.0,55.0,219.0
FLUSHING-MAIN,7,18,1.0,1,51.0,30.0,22.0
FLUSHING-MAIN,7,19,0.0,0,3.0,2.0,43.0
FLUSHING-MAIN,7,19,0.0,1,0.0,1.0,514.0
FLUSHING-MAIN,7,19,1.0,0,64.0,40.0,201.0
FLUSHING-MAIN,7,19,1.0,1,50.0,29.0,19.0
FLUSHING-MAIN,7,20,0.0,0,6.0,8.0,39.0
FLUSHING-MAIN,7,20,0.0,1,2.0,1.0,358.0
FLUSHING-MAIN,7,20,1.0,0,48.0,30.0,173.0
FLUSHING-MAIN,7,20,1.0,1,41.0,24.0,20.0
FLUSHING-MAIN,7,21,0.0,0,0.0,0.0,9.0
FLUSHING-MAIN,7,21,0.0,1,5.0,3.0,307.0
FLUSHING-MAIN,7,21,1.0,0,65.0,43.0,173.0
FLUSHING-MAIN,7,21,1.0,1,33.0,20.0,19.0
FLUSHING-MAIN,7,22,0.0,0,0.0,0.0,14.0
FLUSHING-MAIN,7,22,0.0,1,11.0,7.0,203.0
FLUSHING-MAIN,7,22,1.0,0,51.0,36.0,178.0
FLUSHING-MAIN,7,22,1.0,1,19.0,12.0,18.0
FLUSHING-MAIN,7,23,0.0,0,1.0,1.0,7.0
FLUSHING-MAIN,7,23,0.0,1,1.0,11.0,3.0
FLUSHING-MAIN,7,23,1.0,0,30.0,22.0,124.0
FLUSHING-MAIN,7,23,1.0,1,16.0,11.0,26.0
GRD CNTRL-42 ST,7,0,0.0,0,28.0,24.0,270.0
GRD CNTRL-42 ST,7,0,0.0,1,22.0,18.0,173.0
GRD CNTRL-42 ST,7,0,1.0,0,3.0,2.0,124.0
GRD CNTRL-42 ST,7,0,1.0,1,3.0,2.0,39.0
GRD CNTRL-42 ST,7,1,0.0,0,22.0,19.0,280.0
GRD CNTRL-42 ST,7,1,0.0,1,21.0,17.0,218.0
GRD CNTRL-42 ST,7,1,1.0,0,3.0,1.0,142.0
GRD CNTRL-42 ST,7,1,1.0,1,3.0,2.0,41.0
GRD CNTRL-42 ST,7,2,0.0,0,0.0,0.0,261.0
GRD CNTRL-42 ST,7,2,0.0,1,0.0,0.0,176.0
GRD CNTRL-42 ST,7,2,1.0,0,0.0,0.0,33.0
GRD CNTRL-42 ST,7,2,1.0,1,0.0,0.0,19.0
GRD CNTRL-42 ST,7,3,0.0,0,0.0,0.0,225.0
GRD CNTRL-42 ST,7,3,0.0,1,0.0,0.0,118.0
GRD CNTRL-42 ST,7,3,1.0,0,0.0,0.0,10.0
GRD CNTRL-42 ST,7,3,1.0,1,0.0,0.0,8.0
GRD CNTRL-42 ST,7,4,0.0,0,0.0,0.0,187.0
GRD CNTRL-42 ST,7,4,0.0,1,0.0,0.0,78.0
GRD CNTRL-42 ST,7,4,1.0,0,0.0,0.0,7.0
GRD CNTRL-42 ST,7,4,1.0,1,0.0,0.0,19.0
GRD CNTRL-42 ST,7,5,0.0,0,1.0,2.0,105.0
GRD CNTRL-42 ST,7,5,0.0,1,2.0,0.0,29.0
GRD CNTRL-42 ST,7,5,1.0,0,14.0,1.0,4.0
GRD CNTRL-42 ST,7,5,1.0,1,10.0,9.0,29.0
GRD CNTRL-42 ST,7,6,0.0,0,0.0,1.0,58.0
GRD CNTRL-42 ST,7,6,0.0,1,4.0,0.0,10.0
GRD CNTRL-42 ST,7,6,1.0,0,10.0,8.0,5.0
GRD CNTRL-42 ST,7,6,1.0,1,30.0,14.0,59.0
GRD CNTRL-42 ST,7,7,0.0,0,2.0,1.0,38.0
GRD CNTRL-42 ST,7,7,0.0,1,5.0,1.0,6.0
GRD CNTRL-42 ST,7,7,1.0,0,11.0,8.0,36.0
GRD CNTRL-42 ST,7,7,1.0,1,29.0,14.0,62.0
GRD CNTRL-42 ST,7,8,0.0,0,5.0,2.0,63.0
GRD CNTRL-42 ST,7,8,0.0,1,7.0,3.0,11.0
GRD CNTRL-42 ST,7,8,1.0,0,34.0,20.0,176.0
GRD CNTRL-42 ST,7,8,1.0,1,37.0,18.0,108.0
GRD CNTRL-42 ST,7,9,0.0,0,5.0,2.0,57.0
GRD CNTRL-42 ST,7,9,0.0,1,7.0,3.0,14.0
GRD CNTRL-42 ST,7,9,1.0,0,58.0,35.0,195.0
GRD CNTRL-42 ST,7,9,1.0,1,36.0,23.0,144.0
GRD CNTRL-42 ST,7,10,0.0,0,6.0,3.0,53.0
GRD CNTRL-42 ST,7,10,0.0,1,10.0,6.0,23.0
GRD CNTRL-42 ST,7,10,1.0,0,51.0,29.0,243.0
GRD CNTRL-42 ST,7,10,1.0,1,28.0,22.0,206.0
GRD CNTRL-42 ST,7,11,0.0,0,12.0,6.0,64.0
GRD CNTRL-42 ST,7,11,0.0,1,18.0,12.0,57.0
GRD CNTRL-42 ST,7,11,1.0,0,43.0,25.0,268.0
GRD CNTRL-42 ST,7,11,1.0,1,32.0,23.0,185.0
GRD CNTRL-42 ST,7,12,0.0,0,17.0,9.0,125.0
GRD CNTRL-42 ST,7,12,0.0,1,35.0,20.0,147.0
GRD CNTRL-42 ST,7,12,1.0,0,37.0,23.0,238.0
GRD CNTRL-42 ST,7,12,1.0,1,46.0,32.0,127.0
GRD CNTRL-42 ST,7,13,0.0,0,28.0,15.0,183.0
GRD CNTRL-42 ST,7,13,0.0,1,50.0,25.0,264.0
GRD CNTRL-42 ST,7,13,1.0,0,43.0,20.0,179.0
GRD CNTRL-42 ST,7,13,1.0,1,40.0,27.0,46.0
GRD CNTRL-42 ST,7,14,0.0,0,34.0,19.0,239.0
GRD CNTRL-42 ST,7,14,0.0,1,65.0,32.0,391.0
GRD CNTRL-42 ST,7,14,1.0,0,22.0,14.0,134.0
GRD CNTRL-42 ST,7,14,1.0,1,15.0,13.0,27.0
GRD CNTRL-42 ST,7,15,0.0,0,40.0,22.0,324.0
GRD CNTRL-42 ST,7,15,0.0,1,85.0,41.0,576.0
GRD CNTRL-42 ST,7,15,1.0,0,27.0,18.0,88.0
GRD CNTRL-42 ST,7,15,1.0,1,19.0,16.0,26.0
GRD CNTRL-42 ST,7,16,0.0,0,41.0,24.0,282.0
GRD CNTRL-42 ST,7,16,0.0,1,87.0,40.0,741.0
GRD CNTRL-42 ST,7,16,1.0,0,19.0,14.0,75.0
GRD CNTRL-42 ST,7,16,1.0,1,17.0,13.0,30.0
GRD CNTRL-42 ST,7,17,0.0,0,48.0,27.0,343.0
GRD CNTRL-42 ST,7,17,0.0,1,79.0,36.0,697.0
GRD CNTRL-42 ST,7,17,1.0,0,16.0,10.0,97.0
GRD CNTRL-42 ST,7,17,1.0,1,12.0,9.0,25.0
GRD CNTRL-42 ST,7,18,0.0,0,53.0,31.0,389.0
GRD CNTRL-42 ST,7,18,0.0,1,72.0,32.0,645.0
GRD CNTRL-42 ST,7,18,1.0,0,16.0,12.0,156.0
GRD CNTRL-42 ST,7,18,1.0,1,9.0,7.0,17.0
GRD CNTRL-42 ST,7,19,0.0,0,49.0,30.0,330.0
GRD CNTRL-42 ST,7,19,0.0,1,78.0,36.0,691.0
GRD CNTRL-42 ST,7,19,1.0,0,15.0,9.0,171.0
GRD CNTRL-42 ST,7,19,1.0,1,10.0,9.0,14.0
GRD CNTRL-42 ST,7,20,0.0,0,44.0,28.0,335.0
GRD CNTRL-42 ST,7,20,0.0,1,64.0,32.0,558.0
GRD CNTRL-42 ST,7,20,1.0,0,12.0,7.0,134.0
GRD CNTRL-42 ST,7,20,1.0,1,12.0,9.0,14.0
GRD CNTRL-42 ST,7,21,0.0,0,44.0,31.0,411.0
GRD CNTRL-42 ST,7,21,0.0,1,51.0,28.0,478.0
GRD CNTRL-42 ST,7,21,1.0,0,11.0,6.0,97.0
GRD CNTRL-42 ST,7,21,1.0,1,7.0,5.0,15.0
GRD CNTRL-42 ST,7,22,0.0,0,43.0,33.0,395.0
GRD CNTRL-42 ST,7,22,0.0,1,31.0,22.0,275.0
GRD CNTRL-42 ST,7,22,1.0,0,17.0,9.0,124.0
GRD CNTRL-42 ST,7,22,1.0,1,4.0,3.0,9.0
GRD CNTRL-42 ST,7,23,0.0,0,35.0,30.0,362.0
GRD CNTRL-42 ST,7,23,0.0,1,20.0,16.0,167.0
GRD CNTRL-42 ST,7,23,1.0,0,5.0,3.0,124.0
GRD CNTRL-42 ST,7,23,1.0,1,3.0,6.0,23.0
HUNTERS PT AV,7,0,0.0,0,30.0,18.0,272.0
HUNTERS PT AV,7,0,0.0,1,22.0,16.0,187.0
HUNTERS PT AV,7,0,1.0,0,2.0,1.0,133.0
HUNTERS PT AV,7,0,1.0,1,4.0,2.0,34.0
HUNTERS PT AV,7,1,0.0,0,26.0,17.0,272.0
HUNTERS PT AV,7,1,0.0,1,22.0,19.0,206.0
HUNTERS PT AV,7,1,1.0,0,1.0,1.0,148.0
HUNTERS PT AV,7,1,1.0,1,2.0,0.0,43.0
HUNTERS PT AV,7,2,0.0,0,0.0,0.0,253.0
HUNTERS PT AV,7,2,0.0,1,0.0,0.0,171.0
HUNTERS PT AV,7,2,1.0,0,0.0,0.0,33.0
HUNTERS PT AV,7,2,1.0,1,0.0,0.0,20.0
HUNTERS PT AV,7,3,0.0,0,0.0,0.0,220.0
HUNTERS PT AV,7,3,0.0,1,0.0,0.0,112.0
HUNTERS PT AV,7,3,1.0,0,0.0,0.0,8.0
HUNTERS PT AV,7,3,1.0,1,0.0,0.0,6.0
HUNTERS PT AV,7,4,0.0,0,0.0,0.0,178.0
HUNTERS PT AV,7,4,0.0,1,0.0,0.0,69.0
HUNTERS PT AV,7,4,1.0,0,0.0,0.0,7.0
HUNTERS PT AV,7,4,1.0,1,0.0,0.0,19.0
HUNTERS PT AV,7,5,0.0,0,8.0,1.0,92.0
HUNTERS PT AV,7,5,0.0,1,5.0,6.0,26.0
HUNTERS PT AV,7,5,1.0,0,3.0,5.0,5.0
HUNTERS PT AV,7,5,1.0,1,12.0,10.0,30.0
HUNTERS PT AV,7,6,0.0,0,1.0,2.0,52.0
HUNTERS PT AV,7,6,0.0,1,11.0,9.0,10.0
HUNTERS PT AV,7,6,1.0,0,9.0,8.0,12.0
HUNTERS PT AV,7,6,1.0,1,30.0,14.0,57.0
HUNTERS PT AV,7,7,0.0,0,2.0,2.0,33.0
HUNTERS PT AV,7,7,0.0,1,13.0,11.0,6.0
HUNTERS PT AV,7,7,1.0,0,13.0,9.0,52.0
HUNTERS PT AV,7,7,1.0,1,29.0,14.0,68.0
HUNTERS PT AV,7,8,0.0,0,5.0,2.0,57.0
HUNTERS PT AV,7,8,0.0,1,15.0,12.0,11.0
HUNTERS PT AV,7,8,1.0,0,34.0,22.0,170.0
HUNTERS PT AV,7,8,1.0,1,37.0,18.0,104.0
HUNTERS PT AV,7,9,0.0,0,5.0,1.0,56.0
HUNTERS PT AV,7,9,0.0,1,16.0,13.0,13.0
HUNTERS PT AV,7,9,1.0,0,54.0,32.0,193.0
HUNTERS PT AV,7,9,1.0,1,35.0,24.0,151.0
HUNTERS PT AV,7,10,0.0,0,5.0,1.0,50.0
HUNTERS PT AV,7,10,0.0,1,11.0,11.0,22.0
HUNTERS PT AV,7,10,1.0,0,49.0,29.0,241.0
HUNTERS PT AV,7,10,1.0,1,27.0,23.0,201.0
HUNTERS PT AV,7,11,0.0,0,10.0,2.0,53.0
HUNTERS PT AV,7,11,0.0,1,17.0,11.0,53.0
HUNTERS PT AV,7,11,1.0,0,42.0,24.0,263.0
HUNTERS PT AV,7,11,1.0,1,32.0,22.0,175.0
HUNTERS PT AV,7,12,0.0,0,18.0,6.0,110.0
HUNTERS PT AV,7,12,0.0,1,34.0,21.0,133.0
HUNTERS PT AV,7,12,1.0,0,41.0,23.0,224.0
HUNTERS PT AV,7,12,1.0,1,48.0,33.0,127.0
HUNTERS PT AV,7,13,0.0,0,25.0,8.0,169.0
HUNTERS PT AV,7,13,0.0,1,48.0,27.0,247.0
HUNTERS PT AV,7,13,1.0,0,35.0,17.0,172.0
HUNTERS PT AV,7,13,1.0,1,40.0,26.0,58.0
HUNTERS PT AV,7,14,0.0,0,34.0,12.0,230.0
HUNTERS PT AV,7,14,0.0,1,67.0,37.0,371.0
HUNTERS PT AV,7,14,1.0,0,22.0,13.0,135.0
HUNTERS PT AV,7,14,1.0,1,18.0,13.0,30.0
HUNTERS PT AV,7,15,0.0,0,41.0,14.0,327.0
HUNTERS PT AV,7,15,0.0,1,86.0,45.0,553.0
HUNTERS PT AV,7,15,1.0,0,32.0,19.0,97.0
HUNTERS PT AV,7,15,1.0,1,23.0,17.0,37.0
HUNTERS PT AV,7,16,0.0,0,41.0,17.0,293.0
HUNTERS PT AV,7,16,0.0,1,86.0,43.0,749.0
HUNTERS PT AV,7,16,1.0,0,23.0,14.0,89.0
HUNTERS PT AV,7,16,1.0,1,18.0,13.0,52.0
HUNTERS PT AV,7,17,0.0,0,47.0,19.0,336.0
HUNTERS PT AV,7,17,0.0,1,84.0,40.0,751.0
HUNTERS PT AV,7,17,1.0,0,20.0,11.0,121.0
HUNTERS PT AV,7,17,1.0,1,15.0,10.0,42.0
HUNTERS PT AV,7,18,0.0,0,56.0,24.0,394.0
HUNTERS PT AV,7,18,0.0,1,73.0,35.0,639.0
HUNTERS PT AV,7,18,1.0,0,22.0,13.0,176.0
HUNTERS PT AV,7,18,1.0,1,13.0,8.0,33.0
HUNTERS PT AV,7,19,0.0,0,52.0,26.0,342.0
HUNTERS PT AV,7,19,0.0,1,81.0,39.0,722.0
HUNTERS PT AV,7,19,1.0,0,13.0,7.0,167.0
HUNTERS PT AV,7,19,1.0,1,12.0,9.0,34.0
HUNTERS PT AV,7,20,0.0,0,44.0,22.0,334.0
HUNTERS PT AV,7,20,0.0,1,69.0,35.0,587.0
HUNTERS PT AV,7,20,1.0,0,12.0,7.0,137.0
HUNTERS PT AV,7,20,1.0,1,13.0,9.0,21.0
HUNTERS PT AV,7,21,0.0,0,50.0,26.0,417.0
HUNTERS PT AV,7,21,0.0,1,56.0,31.0,506.0
HUNTERS PT AV,7,21,1.0,0,10.0,5.0,120.0
HUNTERS PT AV,7,21,1.0,1,7.0,5.0,13.0
HUNTERS PT AV,7,22,0.0,0,49.0,29.0,404.0
HUNTERS PT AV,7,22,0.0,1,34.0,23.0,306.0
HUNTERS PT AV,7,22,1.0,0,16.0,9.0,119.0
HUNTERS PT AV,7,22,1.0,1,3.0,3.0,8.0
HUNTERS PT AV,7,23,0.0,0,44.0,26.0,359.0
HUNTERS PT AV,7,23,0.0,1,23.0,21.0,169.0
HUNTERS PT AV,7,23,1.0,0,3.0,2.0,121.0
HUNTERS PT AV,7,23,1.0,1,2.0,6.0,27.0
JUNCTION BLVD,7,0,0.0,0,6.0,5.0,70.0
JUNCTION BLVD,7,0,0.0,1,4.0,4.0,22.0
JUNCTION BLVD,7,0,1.0,0,9.0,4.0,229.0
JUNCTION BLVD,7,0,1.0,1,8.0,4.0,86.0
JUNCTION BLVD,7,1,0.0,0,3.0,3.0,42.0
JUNCTION BLVD,7,1,0.0,1,7.0,4.0,50.0
JUNCTION BLVD,7,1,1.0,0,2.0,1.0,219.0
JUNCTION BLVD,7,1,1.0,1,7.0,1.0,87.0
JUNCTION BLVD,7,2,0.0,0,0.0,0.0,131.0
JUNCTION BLVD,7,2,0.0,1,0.0,0.0,116.0
JUNCTION BLVD,7,2,1.0,0,0.0,0.0,24.0
JUNCTION BLVD,7,2,1.0,1,0.0,0.0,16.0
JUNCTION BLVD,7,3,0.0,0,0.0,0.0,148.0
JUNCTION BLVD,7,3,0.0,1,0.0,0.0,112.0
JUNCTION BLVD,7,3,1.0,0,0.0,0.0,13.0
JUNCTION BLVD,7,3,1.0,1,0.0,0.0,11.0
JUNCTION BLVD,7,4,0.0,0,0.0,0.0,121.0
JUNCTION BLVD,7,4,0.0,1,0.0,0.0,78.0
JUNCTION BLVD,7,4,1.0,0,0.0,0.0,6.0
JUNCTION BLVD,7,4,1.0,1,0.0,0.0,11.0
JUNCTION BLVD,7,5,0.0,0,9.0,1.0,23.0
JUNCTION BLVD,7,5,0.0,1,3.0,4.0,36.0
JUNCTION BLVD,7,5,1.0,0,6.0,7.0,0.0
JUNCTION BLVD,7,5,1.0,1,9.0,3.0,18.0
JUNCTION BLVD,7,6,0.0,0,2.0,3.0,39.0
JUNCTION BLVD,7,6,0.0,1,14.0,9.0,19.0
JUNCTION BLVD,7,6,1.0,0,9.0,6.0,9.0
JUNCTION BLVD,7,6,1.0,1,9.0,1.0,21.0
JUNCTION BLVD,7,7,0.0,0,2.0,3.0,33.0
JUNCTION BLVD,7,7,0.0,1,18.0,13.0,12.0
JUNCTION BLVD,7,7,1.0,0,17.0,10.0,46.0
JUNCTION BLVD,7,7,1.0,1,13.0,3.0,31.0
JUNCTION BLVD,7,8,0.0,0,6.0,4.0,64.0
JUNCTION BLVD,7,8,0.0,1,22.0,15.0,16.0
JUNCTION BLVD,7,8,1.0,0,28.0,17.0,96.0
JUNCTION BLVD,7,8,1.0,1,19.0,6.0,50.0
JUNCTION BLVD,7,9,0.0,0,5.0,3.0,72.0
JUNCTION BLVD,7,9,0.0,1,23.0,17.0,20.0
JUNCTION BLVD,7,9,1.0,0,33.0,19.0,111.0
JUNCTION BLVD,7,9,1.0,1,12.0,8.0,78.0
JUNCTION BLVD,7,10,0.0,0,6.0,3.0,62.0
JUNCTION BLVD,7,10,0.0,1,21.0,16.0,21.0
JUNCTION BLVD,7,10,1.0,0,39.0,22.0,133.0
JUNCTION BLVD,7,10,1.0,1,17.0,14.0,95.0
JUNCTION BLVD,7,11,0.0,0,5.0,3.0,36.0
JUNCTION BLVD,7,11,0.0,1,14.0,11.0,37.0
JUNCTION BLVD,7,11,1.0,0,37.0,21.0,134.0
JUNCTION BLVD,7,11,1.0,1,37.0,25.0,110.0
JUNCTION BLVD,7,12,0.0,0,10.0,6.0,86.0
JUNCTION BLVD,7,12,0.0,1,15.0,12.0,93.0
JUNCTION BLVD,7,12,1.0,0,38.0,25.0,111.0
JUNCTION BLVD,7,12,1.0,1,36.0,24.0,82.0
JUNCTION BLVD,7,13,0.0,0,18.0,9.0,140.0
JUNCTION BLVD,7,13,0.0,1,25.0,19.0,191.0
JUNCTION BLVD,7,13,1.0,0,40.0,24.0,93.0
JUNCTION BLVD,7,13,1.0,1,23.0,15.0,62.0
JUNCTION BLVD,7,14,0.0,0,18.0,12.0,200.0
JUNCTION BLVD,7,14,0.0,1,27.0,18.0,302.0
JUNCTION BLVD,7,14,1.0,0,42.0,26.0,99.0
JUNCTION BLVD,7,14,1.0,1,26.0,18.0,55.0
JUNCTION BLVD,7,15,0.0,0,23.0,14.0,292.0
JUNCTION BLVD,7,15,0.0,1,40.0,24.0,438.0
JUNCTION BLVD,7,15,1.0,0,31.0,21.0,86.0
JUNCTION BLVD,7,15,1.0,1,28.0,18.0,47.0
JUNCTION BLVD,7,16,0.0,0,22.0,16.0,265.0
JUNCTION BLVD,7,16,0.0,1,44.0,26.0,633.0
JUNCTION BLVD,7,16,1.0,0,29.0,18.0,88.0
JUNCTION BLVD,7,16,1.0,1,17.0,11.0,53.0
JUNCTION BLVD,7,17,0.0,0,24.0,15.0,212.0
JUNCTION BLVD,7,17,0.0,1,47.0,26.0,795.0
JUNCTION BLVD,7,17,1.0,0,37.0,23.0,166.0
JUNCTION BLVD,7,17,1.0,1,17.0,11.0,32.0
JUNCTION BLVD,7,18,0.0,0,20.0,16.0,262.0
JUNCTION BLVD,7,18,0.0,1,31.0,17.0,504.0
JUNCTION BLVD,7,18,1.0,0,31.0,20.0,211.0
JUNCTION BLVD,7,18,1.0,1,17.0,11.0,51.0
JUNCTION BLVD,7,19,0.0,0,22.0,20.0,240.0
JUNCTION BLVD,7,19,0.0,1,40.0,21.0,643.0
JUNCTION BLVD,7,19,1.0,0,32.0,19.0,211.0
JUNCTION BLVD,7,19,1.0,1,16.0,10.0,40.0
JUNCTION BLVD,7,20,0.0,0,16.0,11.0,194.0
JUNCTION BLVD,7,20,0.0,1,33.0,18.0,497.0
JUNCTION BLVD,7,20,1.0,0,26.0,15.0,186.0
JUNCTION BLVD,7,20,1.0,1,17.0,10.0,35.0
JUNCTION BLVD,7,21,0.0,0,15.0,12.0,229.0
JUNCTION BLVD,7,21,0.0,1,32.0,19.0,429.0
JUNCTION BLVD,7,21,1.0,0,28.0,15.0,224.0
JUNCTION BLVD,7,21,1.0,1,11.0,6.0,37.0
JUNCTION BLVD,7,22,0.0,0,14.0,12.0,185.0
JUNCTION BLVD,7,22,0.0,1,21.0,14.0,279.0
JUNCTION BLVD,7,22,1.0,0,22.0,10.0,246.0
JUNCTION BLVD,7,22,1.0,1,8.0,3.0,37.0
JUNCTION BLVD,7,23,0.0,0,11.0,11.0,157.0
JUNCTION BLVD,7,23,0.0,1,7.0,9.0,52.0
JUNCTION BLVD,7,23,1.0,0,16.0,7.0,205.0
JUNCTION BLVD,7,23,1.0,1,7.0,3.0,58.0
METS-WILLETS PT,7,0,0.0,0,5.0,5.0,33.0
METS-WILLETS PT,7,0,0.0,1,3.0,3.0,9.0
METS-WILLETS PT,7,0,1.0,0,17.0,8.0,255.0
METS-WILLETS PT,7,0,1.0,1,15.0,9.0,107.0
METS-WILLETS PT,7,1,0.0,0,2.0,2.0,5.0
METS-WILLETS PT,7,1,0.0,1,4.0,2.0,27.0
METS-WILLETS PT,7,1,1.0,0,11.0,5.0,241.0
METS-WILLETS PT,7,1,1.0,1,18.0,7.0,110.0
METS-WILLETS PT,7,2,0.0,0,0.0,0.0,2.0
METS-WILLETS PT,7,2,0.0,1,0.0,0.0,34.0
METS-WILLETS PT,7,2,1.0,0,0.0,0.0,117.0
METS-WILLETS PT,7,2,1.0,1,0.0,0.0,53.0
METS-WILLETS PT,7,3,0.0,0,0.0,0.0,17.0
METS-WILLETS PT,7,3,0.0,1,0.0,0.0,44.0
METS-WILLETS PT,7,3,1.0,0,0.0,0.0,50.0
METS-WILLETS PT,7,3,1.0,1,0.0,0.0,34.0
METS-WILLETS PT,7,4,0.0,0,0.0,0.0,22.0
METS-WILLETS PT,7,4,0.0,1,0.0,0.0,37.0
METS-WILLETS PT,7,4,1.0,0,0.0,0.0,26.0
METS-WILLETS PT,7,4,1.0,1,0.0,0.0,18.0
METS-WILLETS PT,7,5,0.0,0,2.0,1.0,0.0
METS-WILLETS PT,7,5,0.0,1,2.0,5.0,30.0
METS-WILLETS PT,7,5,1.0,0,2.0,0.0,9.0
METS-WILLETS PT,7,5,1.0,1,0.0,0.0,0.0
METS-WILLETS PT,7,6,0.0,0,3.0,3.0,31.0
METS-WILLETS PT,7,6,0.0,1,12.0,7.0,18.0
METS-WILLETS PT,7,6,1.0,0,6.0,1.0,14.0
METS-WILLETS PT,7,6,1.0,1,0.0,1.0,1.0
METS-WILLETS PT,7,7,0.0,0,2.0,2.0,30.0
METS-WILLETS PT,7,7,0.0,1,17.0,13.0,12.0
METS-WILLETS PT,7,7,1.0,0,8.0,4.0,26.0
METS-WILLETS PT,7,7,1.0,1,1.0,2.0,24.0
METS-WILLETS PT,7,8,0.0,0,6.0,4.0,62.0
METS-WILLETS PT,7,8,0.0,1,23.0,16.0,16.0
METS-WILLETS PT,7,8,1.0,0,11.0,7.0,42.0
METS-WILLETS PT,7,8,1.0,1,2.0,2.0,25.0
METS-WILLETS PT,7,9,0.0,0,6.0,3.0,74.0
METS-WILLETS PT,7,9,0.0,1,25.0,19.0,20.0
METS-WILLETS PT,7,9,1.0,0,11.0,7.0,50.0
METS-WILLETS PT,7,9,1.0,1,4.0,3.0,45.0
METS-WILLETS PT,7,10,0.0,0,4.0,2.0,58.0
METS-WILLETS PT,7,10,0.0,1,21.0,18.0,19.0
METS-WILLETS PT,7,10,1.0,0,14.0,8.0,61.0
METS-WILLETS PT,7,10,1.0,1,6.0,4.0,52.0
METS-WILLETS PT,7,11,0.0,0,2.0,1.0,29.0
METS-WILLETS PT,7,11,0.0,1,14.0,10.0,27.0
METS-WILLETS PT,7,11,1.0,0,12.0,7.0,66.0
METS-WILLETS PT,7,11,1.0,1,14.0,9.0,48.0
METS-WILLETS PT,7,12,0.0,0,4.0,2.0,57.0
METS-WILLETS PT,7,12,0.0,1,12.0,11.0,54.0
METS-WILLETS PT,7,12,1.0,0,23.0,13.0,57.0
METS-WILLETS PT,7,12,1.0,1,23.0,14.0,43.0
METS-WILLETS PT,7,13,0.0,0,9.0,3.0,89.0
METS-WILLETS PT,7,13,0.0,1,15.0,12.0,117.0
METS-WILLETS PT,7,13,1.0,0,34.0,21.0,58.0
METS-WILLETS PT,7,13,1.0,1,33.0,20.0,46.0
METS-WILLETS PT,7,14,0.0,0,8.0,3.0,99.0
METS-WILLETS PT,7,14,0.0,1,13.0,9.0,195.0
METS-WILLETS PT,7,14,1.0,0,30.0,20.0,77.0
METS-WILLETS PT,7,14,1.0,1,40.0,24.0,48.0
METS-WILLETS PT,7,15,0.0,0,12.0,5.0,150.0
METS-WILLETS PT,7,15,0.0,1,17.0,10.0,318.0
METS-WILLETS PT,7,15,1.0,0,43.0,30.0,66.0
METS-WILLETS PT,7,15,1.0,1,44.0,25.0,47.0
METS-WILLETS PT,7,16,0.0,0,10.0,7.0,143.0
METS-WILLETS PT,7,16,0.0,1,34.0,19.0,528.0
METS-WILLETS PT,7,16,1.0,0,36.0,23.0,78.0
METS-WILLETS PT,7,16,1.0,1,44.0,27.0,30.0
METS-WILLETS PT,7,17,0.0,0,17.0,9.0,103.0
METS-WILLETS PT,7,17,0.0,1,32.0,16.0,729.0
METS-WILLETS PT,7,17,1.0,0,46.0,32.0,143.0
METS-WILLETS PT,7,17,1.0,1,55.0,33.0,27.0
METS-WILLETS PT,7,18,0.0,0,12.0,9.0,154.0
METS-WILLETS PT,7,18,0.0,1,21.0,12.0,395.0
METS-WILLETS PT,7,18,1.0,0,63.0,42.0,194.0
METS-WILLETS PT,7,18,1.0,1,40.0,24.0,23.0
METS-WILLETS PT,7,19,0.0,0,13.0,12.0,156.0
METS-WILLETS PT,7,19,0.0,1,25.0,13.0,535.0
METS-WILLETS PT,7,19,1.0,0,62.0,42.0,201.0
METS-WILLETS PT,7,19,1.0,1,37.0,23.0,20.0
METS-WILLETS PT,7,20,0.0,0,10.0,8.0,97.0
METS-WILLETS PT,7,20,0.0,1,24.0,13.0,400.0
METS-WILLETS PT,7,20,1.0,0,46.0,32.0,185.0
METS-WILLETS PT,7,20,1.0,1,34.0,21.0,29.0
METS-WILLETS PT,7,21,0.0,0,12.0,11.0,94.0
METS-WILLETS PT,7,21,0.0,1,22.0,13.0,342.0
METS-WILLETS PT,7,21,1.0,0,48.0,32.0,250.0
METS-WILLETS PT,7,21,1.0,1,24.0,15.0,37.0
METS-WILLETS PT,7,22,0.0,0,9.0,9.0,81.0
METS-WILLETS PT,7,22,0.0,1,14.0,9.0,229.0
METS-WILLETS PT,7,22,1.0,0,40.0,25.0,289.0
METS-WILLETS PT,7,22,1.0,1,15.0,10.0,51.0
METS-WILLETS PT,7,23,0.0,0,8.0,7.0,72.0
METS-WILLETS PT,7,23,0.0,1,3.0,7.0,18.0
METS-WILLETS PT,7,23,1.0,0,26.0,14.0,254.0
METS-WILLETS PT,7,23,1.0,1,13.0,8.0,73.0
QUEENSBORO PLZ,7,0,0.0,0,38.0,24.0,289.0
QUEENSBORO PLZ,7,0,0.0,1,22.0,16.0,200.0
QUEENSBORO PLZ,7,0,1.0,0,2.0,2.0,136.0
QUEENSBORO PLZ,7,0,1.0,1,5.0,3.0,42.0
QUEENSBORO PLZ,7,1,0.0,0,26.0,16.0,288.0
QUEENSBORO PLZ,7,1,0.0,1,17.0,15.0,217.0
QUEENSBORO PLZ,7,1,1.0,0,1.0,1.0,153.0
QUEENSBORO PLZ,7,1,1.0,1,3.0,1.0,45.0
QUEENSBORO PLZ,7,2,0.0,0,0.0,0.0,289.0
QUEENSBORO PLZ,7,2,0.0,1,0.0,0.0,206.0
QUEENSBORO PLZ,7,2,1.0,0,0.0,0.0,31.0
QUEENSBORO PLZ,7,2,1.0,1,0.0,0.0,19.0
QUEENSBORO PLZ,7,3,0.0,0,0.0,0.0,240.0
QUEENSBORO PLZ,7,3,0.0,1,0.0,0.0,140.0
QUEENSBORO PLZ,7,3,1.0,0,0.0,0.0,6.0
QUEENSBORO PLZ,7,3,1.0,1,0.0,0.0,5.0
QUEENSBORO PLZ,7,4,0.0,0,0.0,0.0,210.0
QUEENSBORO PLZ,7,4,0.0,1,0.0,0.0,93.0
QUEENSBORO PLZ,7,4,1.0,0,0.0,0.0,7.0
QUEENSBORO PLZ,7,4,1.0,1,0.0,0.0,19.0
QUEENSBORO PLZ,7,5,0.0,0,10.0,1.0,127.0
QUEENSBORO PLZ,7,5,0.0,1,4.0,5.0,33.0
QUEENSBORO PLZ,7,5,1.0,0,9.0,7.0,7.0
QUEENSBORO PLZ,7,5,1.0,1,7.0,5.0,33.0
QUEENSBORO PLZ,7,6,0.0,0,3.0,2.0,83.0
QUEENSBORO PLZ,7,6,0.0,1,11.0,8.0,10.0
QUEENSBORO PLZ,7,6,1.0,0,9.0,8.0,16.0
QUEENSBORO PLZ,7,6,1.0,1,17.0,4.0,61.0
QUEENSBORO PLZ,7,7,0.0,0,3.0,2.0,51.0
QUEENSBORO PLZ,7,7,0.0,1,13.0,10.0,6.0
QUEENSBORO PLZ,7,7,1.0,0,14.0,9.0,55.0
QUEENSBORO PLZ,7,7,1.0,1,18.0,5.0,69.0
QUEENSBORO PLZ,7,8,0.0,0,7.0,2.0,78.0
QUEENSBORO PLZ,7,8,0.0,1,15.0,12.0,11.0
QUEENSBORO PLZ,7,8,1.0,0,37.0,24.0,170.0
QUEENSBORO PLZ,7,8,1.0,1,24.0,9.0,104.0
QUEENSBORO PLZ,7,9,0.0,0,7.0,2.0,73.0
QUEENSBORO PLZ,7,9,0.0,1,17.0,13.0,13.0
QUEENSBORO PLZ,7,9,1.0,0,48.0,31.0,191.0
QUEENSBORO PLZ,7,9,1.0,1,23.0,15.0,154.0
QUEENSBORO PLZ,7,10,0.0,0,8.0,2.0,75.0
QUEENSBORO PLZ,7,10,0.0,1,13.0,12.0,22.0
QUEENSBORO PLZ,7,10,1.0,0,48.0,30.0,242.0
QUEENSBORO PLZ,7,10,1.0,1,27.0,19.0,193.0
QUEENSBORO PLZ,7,11,0.0,0,14.0,4.0,81.0
QUEENSBORO PLZ,7,11,0.0,1,21.0,13.0,56.0
QUEENSBORO PLZ,7,11,1.0,0,43.0,29.0,259.0
QUEENSBORO PLZ,7,11,1.0,1,32.0,21.0,165.0
QUEENSBORO PLZ,7,12,0.0,0,24.0,9.0,145.0
QUEENSBORO PLZ,7,12,0.0,1,41.0,25.0,142.0
QUEENSBORO PLZ,7,12,1.0,0,39.0,28.0,219.0
QUEENSBORO PLZ,7,12,1.0,1,49.0,33.0,106.0
QUEENSBORO PLZ,7,13,0.0,0,32.0,13.0,211.0
QUEENSBORO PLZ,7,13,0.0,1,59.0,33.0,267.0
QUEENSBORO PLZ,7,13,1.0,0,52.0,32.0,167.0
QUEENSBORO PLZ,7,13,1.0,1,38.0,24.0,43.0
QUEENSBORO PLZ,7,14,0.0,0,44.0,19.0,276.0
QUEENSBORO PLZ,7,14,0.0,1,78.0,43.0,401.0
QUEENSBORO PLZ,7,14,1.0,0,23.0,17.0,130.0
QUEENSBORO PLZ,7,14,1.0,1,20.0,13.0,22.0
QUEENSBORO PLZ,7,15,0.0,0,50.0,21.0,377.0
QUEENSBORO PLZ,7,15,0.0,1,96.0,52.0,601.0
QUEENSBORO PLZ,7,15,1.0,0,32.0,22.0,93.0
QUEENSBORO PLZ,7,15,1.0,1,25.0,17.0,52.0
QUEENSBORO PLZ,7,16,0.0,0,52.0,26.0,350.0
QUEENSBORO PLZ,7,16,0.0,1,101.0,52.0,843.0
QUEENSBORO PLZ,7,16,1.0,0,26.0,19.0,92.0
QUEENSBORO PLZ,7,16,1.0,1,18.0,12.0,61.0
QUEENSBORO PLZ,7,17,0.0,0,58.0,30.0,389.0
QUEENSBORO PLZ,7,17,0.0,1,98.0,48.0,859.0
QUEENSBORO PLZ,7,17,1.0,0,18.0,13.0,132.0
QUEENSBORO PLZ,7,17,1.0,1,14.0,9.0,50.0
QUEENSBORO PLZ,7,18,0.0,0,67.0,35.0,452.0
QUEENSBORO PLZ,7,18,0.0,1,86.0,41.0,741.0
QUEENSBORO PLZ,7,18,1.0,0,22.0,16.0,185.0
QUEENSBORO PLZ,7,18,1.0,1,13.0,8.0,50.0
QUEENSBORO PLZ,7,19,0.0,0,63.0,38.0,395.0
QUEENSBORO PLZ,7,19,0.0,1,94.0,46.0,845.0
QUEENSBORO PLZ,7,19,1.0,0,14.0,10.0,182.0
QUEENSBORO PLZ,7,19,1.0,1,12.0,7.0,52.0
QUEENSBORO PLZ,7,20,0.0,0,55.0,31.0,378.0
QUEENSBORO PLZ,7,20,0.0,1,79.0,41.0,654.0
QUEENSBORO PLZ,7,20,1.0,0,14.0,9.0,136.0
QUEENSBORO PLZ,7,20,1.0,1,13.0,8.0,33.0
QUEENSBORO PLZ,7,21,0.0,0,60.0,37.0,464.0
QUEENSBORO PLZ,7,21,0.0,1,65.0,37.0,558.0
QUEENSBORO PLZ,7,21,1.0,0,11.0,8.0,129.0
QUEENSBORO PLZ,7,21,1.0,1,6.0,4.0,24.0
QUEENSBORO PLZ,7,22,0.0,0,57.0,37.0,448.0
QUEENSBORO PLZ,7,22,0.0,1,40.0,27.0,331.0
QUEENSBORO PLZ,7,22,1.0,0,16.0,11.0,142.0
QUEENSBORO PLZ,7,22,1.0,1,3.0,2.0,13.0
QUEENSBORO PLZ,7,23,0.0,0,52.0,36.0,399.0
QUEENSBORO PLZ,7,23,0.0,1,26.0,23.0,179.0
QUEENSBORO PLZ,7,23,1.0,0,3.0,4.0,137.0
QUEENSBORO PLZ,7,23,1.0,1,3.0,6.0,32.0
TIMES SQ-42 ST,7,0,0.0,0,28.0,25.0,259.0
TIMES SQ-42 ST,7,0,0.0,1,23.0,19.0,161.0
TIMES SQ-42 ST,7,0,1.0,0,6.0,4.0,145.0
TIMES SQ-42 ST,7,0,1.0,1,5.0,4.0,51.0
TIMES SQ-42 ST,7,1,0.0,0,21.0,18.0,263.0
TIMES SQ-42 ST,7,1,0.0,1,24.0,19.0,189.0
TIMES SQ-42 ST,7,1,1.0,0,5.0,4.0,164.0
TIMES SQ-42 ST,7,1,1.0,1,6.0,4.0,57.0
TIMES SQ-42 ST,7,2,0.0,0,0.0,0.0,247.0
TIMES SQ-42 ST,7,2,0.0,1,0.0,0.0,162.0
TIMES SQ-42 ST,7,2,1.0,0,0.0,0.0,109.0
TIMES SQ-42 ST,7,2,1.0,1,0.0,0.0,55.0
TIMES SQ-42 ST,7,3,0.0,0,0.0,0.0,219.0
TIMES SQ-42 ST,7,3,0.0,1,0.0,0.0,116.0
TIMES SQ-42 ST,7,3,1.0,0,0.0,0.0,45.0
TIMES SQ-42 ST,7,3,1.0,1,0.0,0.0,24.0
TIMES SQ-42 ST,7,4,0.0,0,0.0,0.0,188.0
TIMES SQ-42 ST,7,4,0.0,1,0.0,0.0,82.0
TIMES SQ-42 ST,7,4,1.0,0,0.0,0.0,55.0
TIMES SQ-42 ST,7,4,1.0,1,0.0,0.0,32.0
TIMES SQ-42 ST,7,5,0.0,0,1.0,2.0,112.0
TIMES SQ-42 ST,7,5,0.0,1,2.0,0.0,33.0
TIMES SQ-42 ST,7,5,1.0,0,18.0,1.0,40.0
TIMES SQ-42 ST,7,5,1.0,1,6.0,5.0,24.0
TIMES SQ-42 ST,7,6,0.0,0,0.0,1.0,60.0
TIMES SQ-42 ST,7,6,0.0,1,1.0,0.0,13.0
TIMES SQ-42 ST,7,6,1.0,0,9.0,7.0,23.0
TIMES SQ-42 ST,7,6,1.0,1,30.0,13.0,55.0
TIMES SQ-42 ST,7,7,0.0,0,2.0,1.0,43.0
TIMES SQ-42 ST,7,7,0.0,1,2.0,1.0,7.0
TIMES SQ-42 ST,7,7,1.0,0,10.0,8.0,36.0
TIMES SQ-42 ST,7,7,1.0,1,32.0,14.0,59.0
TIMES SQ-42 ST,7,8,0.0,0,5.0,2.0,67.0
TIMES SQ-42 ST,7,8,0.0,1,4.0,3.0,13.0
TIMES SQ-42 ST,7,8,1.0,0,34.0,20.0,194.0
TIMES SQ-42 ST,7,8,1.0,1,41.0,19.0,109.0
TIMES SQ-42 ST,7,9,0.0,0,5.0,2.0,63.0
TIMES SQ-42 ST,7,9,0.0,1,4.0,3.0,16.0
TIMES SQ-42 ST,7,9,1.0,0,70.0,45.0,212.0
TIMES SQ-42 ST,7,9,1.0,1,40.0,23.0,147.0
TIMES SQ-42 ST,7,10,0.0,0,7.0,3.0,60.0
TIMES SQ-42 ST,7,10,0.0,1,8.0,7.0,28.0
TIMES SQ-42 ST,7,10,1.0,0,48.0,29.0,253.0
TIMES SQ-42 ST,7,10,1.0,1,29.0,23.0,206.0
TIMES SQ-42 ST,7,11,0.0,0,13.0,6.0,71.0
TIMES SQ-42 ST,7,11,0.0,1,20.0,13.0,66.0
TIMES SQ-42 ST,7,11,1.0,0,44.0,25.0,277.0
TIMES SQ-42 ST,7,11,1.0,1,33.0,24.0,182.0
TIMES SQ-42 ST,7,12,0.0,0,19.0,11.0,121.0
TIMES SQ-42 ST,7,12,0.0,1,39.0,22.0,145.0
TIMES SQ-42 ST,7,12,1.0,0,37.0,23.0,246.0
TIMES SQ-42 ST,7,12,1.0,1,40.0,28.0,134.0
TIMES SQ-42 ST,7,13,0.0,0,28.0,16.0,171.0
TIMES SQ-42 ST,7,13,0.0,1,51.0,26.0,244.0
TIMES SQ-42 ST,7,13,1.0,0,46.0,23.0,187.0
TIMES SQ-42 ST,7,13,1.0,1,53.0,34.0,64.0
TIMES SQ-42 ST,7,14,0.0,0,31.0,18.0,224.0
TIMES SQ-42 ST,7,14,0.0,1,70.0,36.0,352.0
TIMES SQ-42 ST,7,14,1.0,0,25.0,16.0,145.0
TIMES SQ-42 ST,7,14,1.0,1,21.0,15.0,55.0
TIMES SQ-42 ST,7,15,0.0,0,38.0,22.0,305.0
TIMES SQ-42 ST,7,15,0.0,1,80.0,39.0,495.0
TIMES SQ-42 ST,7,15,1.0,0,29.0,20.0,91.0
TIMES SQ-42 ST,7,15,1.0,1,26.0,18.0,82.0
TIMES SQ-42 ST,7,16,0.0,0,39.0,24.0,253.0
TIMES SQ-42 ST,7,16,0.0,1,81.0,39.0,599.0
TIMES SQ-42 ST,7,16,1.0,0,23.0,15.0,89.0
TIMES SQ-42 ST,7,16,1.0,1,27.0,17.0,86.0
TIMES SQ-42 ST,7,17,0.0,0,43.0,26.0,309.0
TIMES SQ-42 ST,7,17,0.0,1,70.0,33.0,558.0
TIMES SQ-42 ST,7,17,1.0,0,23.0,14.0,105.0
TIMES SQ-42 ST,7,17,1.0,1,21.0,13.0,83.0
TIMES SQ-42 ST,7,18,0.0,0,50.0,31.0,349.0
TIMES SQ-42 ST,7,18,0.0,1,65.0,31.0,526.0
TIMES SQ-42 ST,7,18,1.0,0,20.0,14.0,169.0
TIMES SQ-42 ST,7,18,1.0,1,18.0,11.0,72.0
TIMES SQ-42 ST,7,19,0.0,0,48.0,31.0,310.0
TIMES SQ-42 ST,7,19,0.0,1,68.0,33.0,565.0
TIMES SQ-42 ST,7,19,1.0,0,21.0,13.0,180.0
TIMES SQ-42 ST,7,19,1.0,1,20.0,13.0,64.0
TIMES SQ-42 ST,7,20,0.0,0,43.0,28.0,315.0
TIMES SQ-42 ST,7,20,0.0,1,58.0,31.0,448.0
TIMES SQ-42 ST,7,20,1.0,0,16.0,10.0,146.0
TIMES SQ-42 ST,7,20,1.0,1,21.0,12.0,52.0
TIMES SQ-42 ST,7,21,0.0,0,44.0,32.0,381.0
TIMES SQ-42 ST,7,21,0.0,1,47.0,28.0,396.0
TIMES SQ-42 ST,7,21,1.0,0,14.0,9.0,138.0
TIMES SQ-42 ST,7,21,1.0,1,14.0,9.0,61.0
TIMES SQ-42 ST,7,22,0.0,0,41.0,32.0,367.0
TIMES SQ-42 ST,7,22,0.0,1,30.0,22.0,242.0
TIMES SQ-42 ST,7,22,1.0,0,21.0,13.0,157.0
TIMES SQ-42 ST,7,22,1.0,1,8.0,6.0,35.0
TIMES SQ-42 ST,7,23,0.0,0,39.0,33.0,331.0
TIMES SQ-42 ST,7,23,0.0,1,19.0,15.0,146.0
TIMES SQ-42 ST,7,23,1.0,0,9.0,6.0,154.0
TIMES SQ-42 ST,7,23,1.0,1,6.0,8.0,40.0
VERNON-JACKSON,7,0,0.0,0,31.0,24.0,276.0
VERNON-JACKSON,7,0,0.0,1,23.0,17.0,183.0
VERNON-JACKSON,7,0,1.0,0,3.0,2.0,131.0
VERNON-JACKSON,7,0,1.0,1,5.0,2.0,32.0
VERNON-JACKSON,7,1,0.0,0,26.0,18.0,278.0
VERNON-JACKSON,7,1,0.0,1,22.0,19.0,214.0
VERNON-JACKSON,7,1,1.0,0,2.0,1.0,146.0
VERNON-JACKSON,7,1,1.0,1,3.0,2.0,44.0
VERNON-JACKSON,7,2,0.0,0,0.0,0.0,252.0
VERNON-JACKSON,7,2,0.0,1,0.0,0.0,171.0
VERNON-JACKSON,7,2,1.0,0,0.0,0.0,36.0
VERNON-JACKSON,7,2,1.0,1,0.0,0.0,21.0
VERNON-JACKSON,7,3,0.0,0,0.0,0.0,212.0
VERNON-JACKSON,7,3,0.0,1,0.0,0.0,115.0
VERNON-JACKSON,7,3,1.0,0,0.0,0.0,10.0
VERNON-JACKSON,7,3,1.0,1,0.0,0.0,6.0
VERNON-JACKSON,7,4,0.0,0,0.0,0.0,168.0
VERNON-JACKSON,7,4,0.0,1,0.0,0.0,74.0
VERNON-JACKSON,7,4,1.0,0,0.0,0.0,8.0
VERNON-JACKSON,7,4,1.0,1,0.0,0.0,21.0
VERNON-JACKSON,7,5,0.0,0,9.0,2.0,84.0
VERNON-JACKSON,7,5,0.0,1,1.0,3.0,29.0
VERNON-JACKSON,7,5,1.0,0,11.0,4.0,4.0
VERNON-JACKSON,7,5,1.0,1,13.0,10.0,32.0
VERNON-JACKSON,7,6,0.0,0,1.0,1.0,50.0
VERNON-JACKSON,7,6,0.0,1,4.0,0.0,11.0
VERNON-JACKSON,7,6,1.0,0,10.0,8.0,7.0
VERNON-JACKSON,7,6,1.0,1,29.0,14.0,60.0
VERNON-JACKSON,7,7,0.0,0,2.0,1.0,32.0
VERNON-JACKSON,7,7,0.0,1,5.0,1.0,6.0
VERNON-JACKSON,7,7,1.0,0,12.0,8.0,42.0
VERNON-JACKSON,7,7,1.0,1,29.0,14.0,63.0
VERNON-JACKSON,7,8,0.0,0,5.0,2.0,57.0
VERNON-JACKSON,7,8,0.0,1,7.0,3.0,12.0
VERNON-JACKSON,7,8,1.0,0,34.0,21.0,177.0
VERNON-JACKSON,7,8,1.0,1,37.0,18.0,108.0
VERNON-JACKSON,7,9,0.0,0,5.0,3.0,54.0
VERNON-JACKSON,7,9,0.0,1,8.0,3.0,14.0
VERNON-JACKSON,7,9,1.0,0,45.0,25.0,195.0
VERNON-JACKSON,7,9,1.0,1,36.0,24.0,153.0
VERNON-JACKSON,7,10,0.0,0,6.0,3.0,51.0
VERNON-JACKSON,7,10,0.0,1,11.0,6.0,24.0
VERNON-JACKSON,7,10,1.0,0,52.0,30.0,246.0
VERNON-JACKSON,7,10,1.0,1,28.0,23.0,205.0
VERNON-JACKSON,7,11,0.0,0,10.0,6.0,54.0
VERNON-JACKSON,7,11,0.0,1,19.0,12.0,57.0
VERNON-JACKSON,7,11,1.0,0,40.0,24.0,267.0
VERNON-JACKSON,7,11,1.0,1,31.0,22.0,181.0
VERNON-JACKSON,7,12,0.0,0,17.0,10.0,110.0
VERNON-JACKSON,7,12,0.0,1,34.0,20.0,135.0
VERNON-JACKSON,7,12,1.0,0,40.0,23.0,229.0
VERNON-JACKSON,7,12,1.0,1,48.0,33.0,120.0
VERNON-JACKSON,7,13,0.0,0,27.0,16.0,169.0
VERNON-JACKSON,7,13,0.0,1,51.0,26.0,248.0
VERNON-JACKSON,7,13,1.0,0,30.0,16.0,176.0
VERNON-JACKSON,7,13,1.0,1,37.0,25.0,42.0
VERNON-JACKSON,7,14,0.0,0,33.0,19.0,231.0
VERNON-JACKSON,7,14,0.0,1,67.0,34.0,369.0
VERNON-JACKSON,7,14,1.0,0,19.0,13.0,127.0
VERNON-JACKSON,7,14,1.0,1,15.0,13.0,28.0
VERNON-JACKSON,7,15,0.0,0,40.0,25.0,325.0
VERNON-JACKSON,7,15,0.0,1,84.0,42.0,541.0
VERNON-JACKSON,7,15,1.0,0,27.0,18.0,83.0
VERNON-JACKSON,7,15,1.0,1,19.0,16.0,29.0
VERNON-JACKSON,7,16,0.0,0,40.0,24.0,291.0
VERNON-JACKSON,7,16,0.0,1,83.0,40.0,733.0
VERNON-JACKSON,7,16,1.0,0,19.0,13.0,76.0
VERNON-JACKSON,7,16,1.0,1,16.0,12.0,28.0
VERNON-JACKSON,7,17,0.0,0,47.0,29.0,346.0
VERNON-JACKSON,7,17,0.0,1,81.0,38.0,730.0
VERNON-JACKSON,7,17,1.0,0,15.0,10.0,107.0
VERNON-JACKSON,7,17,1.0,1,12.0,9.0,24.0
VERNON-JACKSON,7,18,0.0,0,55.0,33.0,392.0
VERNON-JACKSON,7,18,0.0,1,71.0,34.0,644.0
VERNON-JACKSON,7,18,1.0,0,17.0,13.0,163.0
VERNON-JACKSON,7,18,1.0,1,9.0,7.0,18.0
VERNON-JACKSON,7,19,0.0,0,51.0,33.0,333.0
VERNON-JACKSON,7,19,0.0,1,78.0,39.0,718.0
VERNON-JACKSON,7,19,1.0,0,13.0,8.0,165.0
VERNON-JACKSON,7,19,1.0,1,10.0,9.0,15.0
VERNON-JACKSON,7,20,0.0,0,45.0,30.0,336.0
VERNON-JACKSON,7,20,0.0,1,67.0,35.0,577.0
VERNON-JACKSON,7,20,1.0,0,12.0,8.0,134.0
VERNON-JACKSON,7,20,1.0,1,12.0,9.0,15.0
VERNON-JACKSON,7,21,0.0,0,50.0,34.0,420.0
VERNON-JACKSON,7,21,0.0,1,53.0,31.0,500.0
VERNON-JACKSON,7,21,1.0,0,11.0,7.0,109.0
VERNON-JACKSON,7,21,1.0,1,6.0,5.0,16.0
VERNON-JACKSON,7,22,0.0,0,48.0,35.0,407.0
VERNON-JACKSON,7,22,0.0,1,35.0,24.0,303.0
VERNON-JACKSON,7,22,1.0,0,17.0,9.0,126.0
VERNON-JACKSON,7,22,1.0,1,4.0,3.0,9.0
VERNON-JACKSON,7,23,0.0,0,45.0,35.0,361.0
VERNON-JACKSON,7,23,0.0,1,24.0,21.0,167.0
VERNON-JACKSON,7,23,1.0,0,5.0,3.0,124.0
VERNON-JACKSON,7,23,1.0,1,3.0,6.0,27.0
