station_name,clean_lines,station_lines,el_station_name,el_lines,equipments,gtfs_station_name,gtfs_lines,turnstile_station_name,turnstile_lines,gtfs_stop_id,lat,lon,turnstile_units
Astor Pl,46,4-6-6 Express,,,,Astor Pl,"4,6,6X",ASTOR PL,6,636,40.730053999999996,-73.99107,R160
Canal St,46,4-6-6 Express,Canal St,6,"EL324,EL325",Canal St,"4,6,6X",CANAL ST,JNQRZ6W,639,40.718803,-74.00019300000001,"R118,R462,R463"
50th St,12,1-2,,,,50 St,"1,2",50 ST,1,126,40.76172800000001,-73.98384899999999,R116
Bergen St,234,2-3-4,,,,Bergen St,"2,3,4",BERGEN ST,23,236,40.680828999999996,-73.975098,R058
Pennsylvania Ave,34,3-4,,,,Pennsylvania Av,"2,3,4,5",PENNSYLVANIA AV,3,255,40.664635,-73.89489499999999,R067
238th St,1,1,,,,238 St,1,238 ST,1,103,40.884667,-73.90087,R306
Cathedral Pkwy (110th St),ABC,A-B-C,,,,Cathedral Pkwy (110 St),"A,B,C",CATHEDRAL PKWY,BC,A17,40.800603,-73.958161,R334
Kingston - Throop Aves,AC,A-C,,,,Kingston - Throop Avs,"A,C",KINGSTON-THROOP,C,A47,40.679921,-73.94085799999999,R199
65th St,EMR,E-M-R,,,,65 St,"E,M,R",65 ST,MR,G15,40.749669,-73.898453,R340
36th St,EMR,E-M-R,,,,36 St,"E,M,R",36 ST,MR,G20,40.752039,-73.928781,R197
Delancey St - Essex St,JMZ,J-M-Z,Delancey St Essex St,F/J/M/Z,"ES327,ES328",Delancy St - Essex St,"J,Z,M",DELANCEY ST,FJMZ,M18,40.718315000000004,-73.987437,R142
Van Siclen Ave,JZ,J-Z,,,,Van Siclen Av,"J,Z",VAN SICLEN AV,JZ,J23,40.678024,-73.891688,R434
Norwood Ave,JZ,J-Z,,,,Norwood Av,"J,Z",NORWOOD AV,JZ,J21,40.68141,-73.880039,R436
104th-102nd Sts,JZ,J-Z,,,,104 St,"J,Z",104 ST,JZ,J14,40.69517800000001,-73.84433,R007
DeKalb Ave,BDNQR,B-D-N-Q-R,Dekalb Av,B/Q/R,"EL370,EL372,EL371,ES309,ES308",DeKalb Av,"B,D,N,W,Q,R",DEKALB AV,BDNQR,R30,40.690635,-73.981824,R099
Beach 105th St,AS,A-S,,,,Beach 105 St,"A,S",BEACH 105 ST,AS,H14,40.583209000000004,-73.827559,R418
Beach 90th St,AS,A-S,,,,Beach 90 St,"A,S",BEACH 90 ST,AS,H12,40.588034,-73.813641,R416
Freeman St,25,2-5,,,,Freeman St,"2,5",FREEMAN ST,25,216,40.829993,-73.891865,R409
Intervale Ave,25,2-5,Intervale Av,2/5,ES108,Intervale Av,"2,5",INTERVALE AV,25,218,40.822181,-73.896736,R407
182nd-183rd Sts,BD,B-D,,,,182-183 Sts,"B,D",182-183 STS,BD,D06,40.856093,-73.900741,R237
174th-175th Sts,BD,B-D,,,,174-175 Sts,"B,D",174-175 STS,BD,D08,40.8459,-73.910136,R253
167th St,BD,B-D,,,,167 St,"B,D",167 ST,BD,D10,40.833771,-73.91844,R104
Mets - Willets Point,7,7-7 Express,,,,Mets - Willets Point,"7,7X",METS-WILLETS PT,7,702,40.754622,-73.845625,R328
Junction Blvd,7,7-7 Express,Junction Blvd,7,"EL427,EL426,EL425",Junction Blvd,"7,7X",JUNCTION BLVD,7,707,40.749145,-73.869527,R097
Flushing - Main St,7,7-7 Express,Flushing Main St,7,"EL414,ES457,ES456,ES455",Flushing - Main St,"7,7X",FLUSHING-MAIN,7,701,40.7596,-73.83003000000001,R055
Buhre Ave,6,6-6 Express,,,,Buhre Av,"6,6X",BUHRE AV,6,602,40.84681,-73.83256899999999,R428
3rd Ave - 138th St,6,6-6 Express,,,,3 Av - 138 St,"6,6X",3 AV 138 ST,6,619,40.810476,-73.926138,R445
Castle Hill Ave,6,6-6 Express,,,,Castle Hill Av,"6,6X",CASTLE HILL AV,6,607,40.834255,-73.85122199999999,R106
Brooklyn Bridge - City Hall,456,4-5-6-6 Express,Brooklyn Bridge - City Hall,4/5/6,"EL315,EL316,EL314",Brooklyn Bridge - City Hall,"4,5,5X,6,6X",BROOKLYN BRIDGE,456JZ,640,40.713065,-74.004131,R044
Zerega Ave,6,6-6 Express,,,,Zerega Av,"6,6X",ZEREGA AV,6,606,40.836488,-73.847036,R326
Grand Central - 42nd St,456,4-5-6-6 Express,42 St - Grand Central,4/5/6/7,"EL204,ES207,ES209,ES610X,ES203,ES204,ES206,ES205,ES210,ES208,EL244,EL205,EL206,EL296,ES609X,ES608X,ES256,ES255",Grand Central - 42 St,"4,5,5X,6,6X",42 ST-GRD CNTRL,4567S,631,40.751776,-73.976848,"R045,R046,R047,R048"
33rd St,46,4-6-6 Express,,,,33 St,"4,6,6X",33 ST,6,632,40.746081,-73.982076,R176
96th St,46,4-6-6 Express,,,,96 St,"4,6,6X",96 ST,6,625,40.785672,-73.95107,R144
77th St,46,4-6-6 Express,,,,77 St,"4,6,6X",77 ST,6,627,40.77362,-73.959874,R178
Chauncey St,JZ,J-Z,,,,Chauncey St,"J,Z",CHAUNCEY ST,JZ,J28,40.682893,-73.91045600000001,R432
Union St,DNR,D-N-R,,,,Union St,"D,N,W,R",UNION ST,R,R32,40.677316,-73.98311,R231
Elmhurst Ave,EMR,E-M-R,,,,Elmhurst Av,"E,M,R",ELMHURST AV,MR,G13,40.742453999999995,-73.882017,R218
Ralph Ave,AC,A-C,,,,Ralph Av,"A,C",RALPH AV,C,A49,40.678822,-73.92078599999999,R438
Pelham Pkwy,25,2-5,Pelham Pkwy,2/5,"EL137,EL138,ES123,ES122,EL136",Pelham Pkwy,"2,5",PELHAM PKWY,25,211,40.857192,-73.867615,R361
Pelham Pkwy,25,2-5,Pelham Pkwy,2/5,"EL137,EL138,ES123,ES122,EL136",Pelham Pkwy,"2,5",PELHAM PKWY,5,211,40.857192,-73.867615,R361
Gun Hill Rd,25,2-5,Gun Hill Rd,2/5,"EL183,EL182,ES105,ES104",Gun Hill Rd,"2,5",GUN HILL RD,25,208,40.87785,-73.866256,R364
Nereid Ave (238 St),25,2-5,,,,Nereid Av,"2,5",NEREID AV,25,204,40.898379,-73.854376,R444
Franklin Ave,2345,2-3-4-5,,,,Franklin Av,"2,3,4,5,5X",FRANKLIN AVE,2345S,239,40.670682,-73.95813100000001,R123
Simpson St,25,2-5,Simpson St,2/5,"EL128,EL127",Simpson St,"2,5",SIMPSON ST,25,217,40.824073,-73.893064,R408
Bronx Park East,25,2-5,,,,Bronx Park East,"2,5",BRONX PARK EAST,25,212,40.84882800000001,-73.86845699999999,R389
Winthrop St,25,2-5,,,,Winthrop St,"2,5,5X",WINTHROP ST,25,243,40.656652,-73.9502,R451
Van Siclen Ave,34,3-4,,,,Van Siclen Av,"2,3,4,5",VAN SICLEN AV,3,256,40.665449,-73.889395,R068
149th St - Grand Concourse,4,4,,,,149 St - Grand Concourse,4,149 ST-GR CONC,245,415,40.818375,-73.927351,R205
161st St - Yankee Stadium,4,4,161 St - Yankee Stadium,4/B/D,"ES114,ES113,EL134,EL133,EL135,EL132,EL131",161 St - Yankee Stadium,4,161 ST-YANKEE,4BD,414,40.827994,-73.925831,R195
Lexington Ave - 59th St,456,4-5-6-6 Express,59 St,4/5/6,"ES213,ES211,ES214,ES212",59 St,"4,5,5X,6,6X",LEXINGTON AVE,456NQRW,629,40.762526,-73.967967,"R050,R051"
E 149th St,6,6,,,,E 149 St,6,E 149 ST,6,615,40.812118,-73.904098,R449
Morrison Av - Soundview,6,6,,,,Morrison Av- Sound View,"6,6X",MORISN AV/SNDVW,6,610,40.829521,-73.874516,R120
Whitlock Ave,6,6,,,,Whitlock Av,"6,6X",WHITLOCK AV,6,612,40.826525,-73.88628299999999,R325
St Lawrence Ave,6,6,,,,St Lawrence Av,"6,6X",ST LAWRENCE AV,6,609,40.831509000000004,-73.86761800000001,R245
Woodside - 61st St,7,7-7 Express,61 ST WOODSIDE,7/LIRR,"EL419X,EL418X,EL417X,EL416X,EL415X,ES448",Woodside - 61 St,"7,7X",61 ST WOODSIDE,7,712,40.74563,-73.902984,R147
Far Rockaway - Mott Ave,A,A,Far Rockaway - Mott Av,A,"EL497,EL498",Far Rockaway - Mott Av,A,FAR ROCKAWAY,A,H11,40.603995,-73.75540500000001,R285
72nd St,ABC,A-B-C,,,,72 St,"A,B,C",72 ST,BC,A22,40.775594,-73.97641,R281
96th St,ABC,A-B-C,,,,96 St,"A,B,C",96 ST,BC,A19,40.791641999999996,-73.96469599999999,R251
168th St,AC,A-C,168 St,A/C,"EL139,EL141,EL140",168 St,"A,C",168 ST,1AC,A09,40.840719,-73.939561,R035
168th St,AC,A-C,168 St,A/C,"EL139,EL141,EL140",168 St,"A,C",168 ST,AC1,A09,40.840719,-73.939561,R035
Kingsbridge Rd,BD,B-D,Kingsbridge Road,B/D,"EL189,EL191,EL190",Kingsbridge Rd,"B,D",KINGSBRIDGE RD,BD,D04,40.866978,-73.893509,R155
42nd St - Bryant Pk,BDFM,B-D-F-M,42 St - Bryant Park,B/D/F/M,"EL295X,EL287X,EL294X",42 St - Bryant Pk,"B,D,F,FX,M",42 ST-BRYANT PK,BDFM7,D16,40.754222,-73.984569,R021
Prospect Park,BQS,B-Q-S,Prospect Park,B/Q/S,"EL383,EL382",Prospect Park,"B,S,Q",PROSPECT PARK,BQS,D26,40.661614,-73.962246,R196
55th St,D,D,,,,55 St,D,55 ST,D,B15,40.631434999999996,-73.995476,R247
Jamaica - Van Wyck,E,E,Jamaica - Van Wyck,E,"EL409,ES429,ES428,EL408,ES427,ES431,ES430",Jamaica - Van Wyck,E,JAMAICA VAN WK,E,G07,40.702566,-73.816859,R342
Kew Gardens - Union Tpke,EF,E-F,Kew Gardens / Union Tpk,E/F,"EL434,EL435,EL436",Kew Gardens - Union Tpke,"E,F,FX",KEW GARDENS,EF,F06,40.714441,-73.831008,R158
Sutphin Blvd - Archer Av,EJZ,E-J-Z,Sutphin Blvd - Archer Av - JFK Airport,E/J/Z/LIRR,"ES437,ES436,ES434,ES435,EL411,ES464X,ES463X,ES449X,ES432X,ES433X,EL450X,EL449X,EL448X,ES448X",Sutphin Blvd - Archer Av - JFK Airport,"E,J,Z",SUTPHIN-ARCHER,EJZ,G06,40.700486,-73.807969,R024
Court Sq - 23rd St,EM,E-M,Court Square - 23 St,E/M,"PW401,PW402",Court Sq,"E,M",COURT SQ-23 ST,EMG,F09,40.747846,-73.946,R359
67th Ave,EMR,E-M-R,,,,67 Av,"E,M,R",67 AV,MR,G09,40.726523,-73.852719,R219
Grand Ave - Newtown,EMR,E-M-R,,,,Grand Av - Newtown,"E,M,R",GRAND-NEWTOWN,MR,G12,40.737015,-73.877223,R254
Ditmas Ave,F,F,,,,Ditmas Av,"F,FX",DITMAS AV,F,F29,40.636119,-73.978172,R420
Classon Ave,G,G,,,,Classon Av,G,CLASSON AV,G,G34,40.688873,-73.96007,R287
Broadway,G,G,,,,Broadway,G,BROADWAY,G,G30,40.706092,-73.95030799999999,R299
Lorimer St,L,L,,,,Lorimer St,L,LORIMER ST,GL,L10,40.714063,-73.950275,R268
Lorimer St,L,L,,,,Lorimer St,L,LORIMER ST,LG,L10,40.714063,-73.950275,R268
Sutter Ave,L,L,,,,Sutter Av,L,SUTTER AV,L,L25,40.669367,-73.901975,R349
Wilson Ave,L,L,,,,Wilson Av,L,WILSON AV,L,L20,40.688764,-73.904046,R295
Halsey St,J,J,,,,Halsey St,J,HALSEY ST,J,J29,40.686370000000004,-73.91655899999999,R381
Lorimer St,JM,J-M,,,,Lorimer St,"J,M",LORIMER ST,JM,M13,40.703869,-73.947408,R353
8th Ave,N,N,8 Av,N,EL753,8 Av,"N,W,Q",8 AV,N,N02,40.635064,-74.011719,R390
36th Ave,NW,N-W,,,,36 Av,"N,W",36 AV,NQW,R06,40.756803999999995,-73.929575,R091
Broadway,NW,N-W,,,,Broadway,"N,W",BROADWAY,NQW,R05,40.76182,-73.925508,R092
Times Sq - 42nd St,NQRW,N-Q-R-W,Times Sq - 42 St,1/2/3/7/N/Q/R/W,"EL231X,ES216,ES217,ES218,EL229,EL232,EL233,EL230,ES261X,ES262X,ES268X,ES267X",Times Sq - 42 St,"N,W,Q,R",TIMES SQ-42 ST,1237ACENQRSW,R16,40.754672,-73.986754,"R032,R033"
Times Sq - 42nd St,NQRW,N-Q-R-W,Times Sq - 42 St,1/2/3/7/N/Q/R/W,"EL231X,ES216,ES217,ES218,EL229,EL232,EL233,EL230,ES261X,ES262X,ES268X,ES267X",Times Sq - 42 St,"N,W,Q,R",TIMES SQ-42 ST,ACENQRS1237W,R16,40.754672,-73.986754,"R032,R033"
Grand Central - 42nd St,S,S,,,,Grand Central - 42 St,S,42 ST-GRD CNTRL,4567S,901,40.752769,-73.979189,"R045,R046,R047,R048"
Park Pl,S,S,,,,Park Pl,S,PARK PLACE,S,S03,40.674772,-73.957624,R411
111th St,AS,A-S,,,,111 St,A,111 ST,A,A64,40.684331,-73.832163,R355
W 4th St - Washington Sq (Lower),BDFM,B-D-F-M,West 4 St - Washington Sq,A/B/C/D/E/F/M,"EL334,ES325,ES326,EL335,EL333",W 4 St - Wash Sq,"B,D,F,FX,M",W 4 ST-WASH SQ,ABCDEFM,D20,40.732338,-74.000495,R138
51st St,46,4-6-6 Express,51 St,6/E/M,"EL202,ES252,EL201",51 St,"4,6,6X",51 ST,6,630,40.757107,-73.97192,R049
86th St,12,1-2,,,,86 St,"1,2",86 ST,1,121,40.788644,-73.976218,R167
233rd St,25,2-5,233 St,2/5,"EL192,EL194,EL193",233 St,"2,5",233 ST,25,205,40.893193,-73.857473,R367
66th St - Lincoln Ctr,12,1-2,66 St - Lincoln Center,1,"EL237,EL238",66 St - Lincoln Center,"1,2",66 ST-LINCOLN,1,124,40.77344,-73.982209,R164
Hunts Point Ave,6,6-6 Express,Hunts Point,6,"EL197,EL196,EL195",Hunts Point Av,"6,6X",HUNTS POINT AV,6,613,40.820948,-73.890549,R146
Canal St,12,1-2,,,,Canal St,"1,2",CANAL ST,1,135,40.722854,-74.006277,R320
Middletown Rd,6,6-6 Express,,,,Middletown Rd,"6,6X",MIDDLETOWN RD,6,603,40.843863,-73.836322,R427
23rd St,46,4-6-6 Express,23 St,6,"EL298,EL299",23 St,"4,6,6X",23 ST,6,634,40.739864000000004,-73.986599,R131
Court Sq,7,7-7 Express,Court Square,7,"EL447,EL445X,EL446,ES461X,ES462X,ES265X,ES266X",Court Sq,"7,7X",COURT SQ,7,719,40.747023,-73.945264,R346
59th St - Columbus Circle,12,1-2,59 ST COLUMBUS,1/A/B/C/D,"EL276X,EL280,EL277,EL278,ES250X,ES251X,ES276X,EL279",59 St - Columbus Circle,"1,2",59 ST COLUMBUS,1ABCD,125,40.768246999999995,-73.98192900000001,R084
59th St - Columbus Circle,12,1-2,59 ST COLUMBUS,1/A/B/C/D,"EL276X,EL280,EL277,EL278,ES250X,ES251X,ES276X,EL279",59 St - Columbus Circle,"1,2",59 ST COLUMBUS,ABCD1,125,40.768246999999995,-73.98192900000001,R084
Hunters Point Ave,7,7-7 Express,,,,Hunters Point Av,"7,7X",HUNTERS PT AV,7,720,40.742216,-73.948916,R134
23rd St,12,1-2,,,,23 St,"1,2",23 ST,1,130,40.744081,-73.995657,R190
Houston St,12,1-2,,,,Houston St,"1,2",HOUSTON ST,1,134,40.728251,-74.005367,R290
104th St,AS,A-S,,,,104 St,A,104 ST,A,A63,40.681711,-73.837683,R354
Broad Channel,AS,A-S,,,,Broad Channel,"A,S",BROAD CHANNEL,AS,H04,40.608382,-73.815925,R415
Ocean Pkwy,Q,Q,,,,Ocean Pkwy,Q,OCEAN PKWY,Q,D41,40.576312,-73.968501,R264
Vernon Blvd - Jackson Ave,7,7-7 Express,,,,Vernon Blvd - Jackson Av,"7,7X",VERNON-JACKSON,7,721,40.742626,-73.953581,R276
68th St - Hunter College,46,4-6-6 Express,68 St / Hunter College, ,"EL285,EL286,EL284",68 St - Hunter College,"4,6,6X",68ST-HUNTER CO,6,628,40.768141,-73.96387,R177
Queensboro Plz,7NW,7-7 Express-N-W,,,,Queensboro Plaza,"7,7X",QUEENSBORO PLZ,7NQW,718,40.750582,-73.940202,R121
Rockaway Blvd,AS,A-S,,,,Rockaway Blvd,A,ROCKAWAY BLVD,A,A61,40.680429,-73.843853,R385
Union Sq - 14th St,456,4-5-6-6 Express,14 St - Union Sq,4/5/6,ES256X,14 St - Union Sq,"4,5,5X,6,6X",14 ST-UNION SQ,LNQR456W,635,40.734673,-73.989951,R170
Bedford - Nostrand Aves,G,G,,,,Bedford - Nostrand Avs,G,BEDFORD-NOSTRAN,G,G33,40.689627,-73.95352199999999,R269
15th St - Prospect Park,FG,F-G,,,,15 St - Prospect Park,"F,G",15 ST-PROSPECT,FG,F25,40.66036500000001,-73.979493,R241
7th Ave,FG,F-G,,,,7 Av,"F,FX,G",7 AV,FG,F24,40.666271,-73.980305,R288
Ft Hamilton Pkwy,FG,F-G,,,,Fort Hamilton Pkwy,"F,G",FT HAMILTON PKY,FG,F26,40.650782,-73.975776,R289
Church Ave,FG,F-G,Church Av,F/G,"EL373,EL375,EL374",Church Av,"F,FX,G",CHURCH AV,FG,F27,40.644040999999994,-73.979678,R204
Beverly Rd,Q,Q,,,,Beverley Rd,Q,BEVERLEY ROAD,BQ,D29,40.644031,-73.964492,R262
Church Ave,BQ,B-Q,,,,Church Av,"B,Q",CHURCH AV,BQ,D28,40.650527000000004,-73.962982,R098
Newkirk Ave,BQ,B-Q,,,,Newkirk Plaza,"B,Q",NEWKIRK PLAZA,BQ,D31,40.635082000000004,-73.962793,R149
Parkside Ave,Q,Q,,,,Parkside Av,Q,PARKSIDE AV,BQ,D27,40.655291999999996,-73.961495,R148
Grand Army Plaza,234,2-3-4,,,,Grand Army Plaza,"2,3,4",GRAND ARMY PLAZ,23,237,40.675235,-73.971046,R059
Atlantic Av - Barclay's Center,2345,2-3-4-5,Atlantic Av-Barclays Ctr,2/3/4/5/B/D/N/Q/R,"EL301,EL737X,EL300X,ES358X,ES310,EL306,EL303,EL304,EL305,EL307,EL302,EL700X,ES359X",Atlantic Av - Barclays Ctr,"2,3,4,5,5X",ATL AV-BARCLAY,2345BDNQR,235,40.684359,-73.977666,R057
Atlantic Av - Barclay's Center,2345,2-3-4-5,Atlantic Av-Barclays Ctr,2/3/4/5/B/D/N/Q/R,"EL301,EL737X,EL300X,ES358X,ES310,EL306,EL303,EL304,EL305,EL307,EL302,EL700X,ES359X",Atlantic Av - Barclays Ctr,"2,3,4,5,5X",ATL AV-BARCLAY,BDNQR2345,235,40.684359,-73.977666,R057
Atlantic Av - Barclay's Center,2345,2-3-4-5,Atlantic Av-Barclays Ctr,2/3/4/5/B/D/N/Q/R/LIRR,"EL301,EL737X,EL300X,ES358X,ES310,EL306,EL303,EL304,EL305,EL307,EL302,EL700X,ES359X",Atlantic Av - Barclays Ctr,"2,3,4,5,5X",ATL AV-BARCLAY,2345BDNQR,235,40.684359,-73.977666,R057
Rockaway Ave,AC,A-C,,,,Rockaway Av,"A,C",ROCKAWAY AV,C,A50,40.67834000000001,-73.911946,R439
Fulton St,G,G,,,,Fulton St,G,FULTON ST,G,G36,40.687119,-73.975375,R318
Clinton - Washington Aves,G,G,,,,Clinton - Washington Avs,G,CLINTON-WASH AV,G,G35,40.688089,-73.96683900000001,R317
7th Ave,BQ,B-Q,7 Av,B/D/E,"ES238,ES237",7 Av,"B,D,E",7 AV,BDE,D14,40.762862,-73.981637,R113
7th Ave,BQ,B-Q,7 Av,B/D/E,"ES238,ES237",7 Av,"B,Q",7 AV,BQ,D25,40.762862,-73.981637,R171
Atlantic Av - Barclay's Center,BQ,B-Q,,,,Atlantic Av - Barclays Ctr,"B,Q",ATLANTIC AV,2345BDNQR,D24,40.684459999999994,-73.97689,R057
Atlantic Av - Barclay's Center,DNQR,D-N-Q-R,,,,Atlantic Av - Barclays Ctr,"D,N,W,Q,R",ATLANTIC AV,2345BDNQR,R31,40.684459999999994,-73.97689,R057
Borough Hall,45,4-5,Borough Hall,2/3/4/5,"EL317,EL318,ES303",Borough Hall,"4,5,5X",BOROUGH HALL,2345R,423,40.692403999999996,-73.990151,R108
Aqueduct Racetrack,A,A,Aqueduct Racetrack,A,EL489X,Aqueduct Racetrack,A,AQUEDUCT RACETR,A,H01,40.66823400000001,-73.834058,R464
Morris Park,5,5,,,,Morris Park,"5,5X",MORRIS PARK,5,505,40.854364000000004,-73.860495,R329
Pelham Pkwy,5,5,,,,Pelham Pkwy,"5,5X",PELHAM PKWY,25,504,40.857192,-73.867615,R430
Nostrand Ave,AC,A-C,,,,Nostrand Av,"A,C",NOSTRAND AV,AC,A46,40.680438,-73.95042600000001,R198
Nevins St,2345,2-3-4-5,,,,Nevins St,"2,3,4,5,5X",NEVINS ST,2345,234,40.688246,-73.980492,R056
Eastern Pkwy - Bklyn Museum,234,2-3-4,,,,Eastern Pkwy - Brooklyn Museum,"2,3,4",EASTN PKWY-MUSM,23,238,40.671987,-73.964375,R060
Beverly Rd,25,2-5,,,,Beverly Rd,"2,5,5X",BEVERLY RD,25,245,40.645098,-73.948959,R210
Church Ave,25,2-5,Church Av,2/5,"EL320,EL321",Church Av,"2,5,5X",CHURCH AV,25,244,40.650843,-73.949575,R109
Newkirk Ave,25,2-5,,,,Newkirk Av,"2,5,5X",NEWKIRK AV,25,246,40.639967,-73.948411,R135
Brooklyn College - Flatbush Ave,25,2-5,Flatbush Av Brooklyn College,2/5,EL319,Flatbush Av - Brooklyn College,"2,5,5X",FLATBUSH AV-B.C,25,247,40.632836,-73.947642,R110
Sterling St,25,2-5,,,,Sterling St,"2,5,5X",STERLING ST,25,242,40.662742,-73.95085,R209
Crown Hts - Utica Ave,34,3-4,Crown Hts - Utica Av,3/4,"EL323,EL322",Crown Hts - Utica Av,"2,3,4,5",CROWN HTS-UTICA,34,250,40.668896999999994,-73.93294200000001,R062
Kingston Ave,34,3-4,,,,Kingston Av,"2,3,4,5",KINGSTON AV,3,249,40.669399,-73.942161,R124
Nassau Ave,G,G,,,,Nassau Av,G,NASSAU AV,G,G28,40.724635,-73.951277,R256
Greenpoint Ave,G,G,,,,Greenpoint Av,G,GREENPOINT AV,G,G26,40.731352,-73.954449,R239
Marcy Ave,JMZ,J-M-Z,Marcy Av,J/M/Z,"EL391,EL392",Marcy Av,"J,Z,M",MARCY AV,JMZ,M16,40.708359,-73.957757,R460
Hewes St,JM,J-M,,,,Hewes St,"J,M",HEWES ST,JM,M14,40.70687,-73.95343100000001,R352
138th St - Grand Concourse,45,4-5,,,,138 St - Grand Concourse,"4,5,5X",138/GRAND CONC,45,416,40.813224,-73.929849,R307
5th Ave - 53rd St,EM,E-M,5 Av / 53 St,E/M,"ES239,ES240,ES241,ES242",5 Av/53 St,"E,M",5 AV/53 ST,EM,F12,40.760166999999996,-73.975224,R015
Lexington Ave - 53rd St,EM,E-M,Lexington Av / 53 St,6/E/M,"EL203X,ES269,ES244,ES243,ES246,ES245,EL245,ES253X,ES254X,ES600X,ES245X",Lexington Av/53 St,"E,M",LEXINGTON AV/53,EM6,F11,40.757552000000004,-73.96905500000001,"R016,R017"
28th St,NQRW,N-Q-R-W,,,,28 St,"N,W,Q,R",28 ST,NRW,R18,40.745494,-73.988691,R082
Herald Sq - 34th St,NQRW,N-Q-R-W,34 St - Herald Sq,B/D/F/M/N/Q/R/W,"EL200X,EL213,ES222,ES221,ES233,ES224,ES223,EL209,EL211,EL210,EL212,ES230,ES229,ES234,ES232,ES236,ES235,ES231",34 St - Herald Sq,"N,W,Q,R",34 ST-HERALD SQ,BDFMNQRW,R17,40.749567,-73.98795,"R022,R023"
1st Ave,L,L,,,,1 Av,L,1 AV,L,L06,40.730953,-73.981628,R248
Times Sq - 42nd St,S,S,,,,Times Sq - 42 St,S,TIMES SQ-42 ST,1237ACENQRS,902,40.755983,-73.98622900000001,"R032,R033"
Metropolitan Ave,G,G,,,,Metropolitan Av,G,METROPOLITAN AV,GL,G29,40.712792,-73.951418,R268
Grand St,L,L,,,,Grand St,L,GRAND ST,L,L12,40.711926,-73.94067,R250
Graham Ave,L,L,,,,Graham Av,L,GRAHAM AV,L,L11,40.714565,-73.944053,R249
Bedford Ave,L,L,,,,Bedford Av,L,BEDFORD AV,L,L08,40.717304,-73.956872,R235
Montrose Ave,L,L,,,,Montrose Av,L,MONTROSE AV,L,L13,40.707739000000004,-73.93985,R265
Long Island City - Court Sq,G,G,,,,Court Sq - 23 St,G,COURT SQ,EMG,G22,40.746553999999996,-73.943832,R359
21st St,G,G,,,,21 St,G,21 ST,G,G24,40.744065,-73.949724,R360
39th Ave,NW,N-W,,,,39 Av - Dutch Kills,"N,W",39 AV,NQW,R08,40.766779,-73.921479,R090
145th St,1,1,,,,145 St,1,145 ST,1,114,40.826551,-73.95036,R273
157th St,1,1,,,,157 St,1,157 ST,1,113,40.834041,-73.94489,R193
96th St,123,1-2-3,96 St,1/2/3,"EL146,EL145",96 St,"1,2,3",96 ST,123,120,40.793919,-73.972323,R168
103rd St,1,1,,,,103 St,1,103 ST,1,119,40.799446,-73.968379,R191
103rd St,1,1,,,,103 St,1,104 ST,1,119,40.799446,-73.968379,R191
Central Park North (110th St),23,2-3,,,,Central Park North (110 St),"2,3",CENTRAL PK N110,23,227,40.799075,-73.95182199999999,R323
103rd St,ABC,A-B-C,,,,103 St,"A,B,C",103 ST,BC,A18,40.796092,-73.961454,R314
72nd St,123,1-2-3,72 St,1/2/3,"EL240,EL239",72 St,"1,2,3",72 ST,123,123,40.778453000000006,-73.98196999999999,R452
81st St,ABC,A-B-C,,,,81 St - Museum of Natural History,"A,B,C",81 ST-MUSEUM,BC,A21,40.851695,-73.937969,R187
75th Ave,EF,E-F,,,,75 Av,"E,F,FX",75 AV,EF,F07,40.718331,-73.837324,R341
86th St,ABC,A-B-C,,,,86 St,"A,B,C",86 ST,BC,A20,40.785868,-73.96891600000001,R186
Cathedral Pkwy (110th St),1,1,,,,Cathedral Pkwy (110 St),1,CATHEDRAL PKWY,1,118,40.803967,-73.966847,R192
Cathedral Pkwy (110th St),1,1,,,,Cathedral Pkwy (110 St),1,111 ST,1,118,40.803967,-73.966847,R192
116th St - Columbia University,1,1,,,,116 St - Columbia University,1,116 ST-COLUMBIA,1,117,40.807722,-73.96410999999999,R159
125th St,23,2-3,,,,125 St,"2,3",125 ST,23,225,40.807753999999996,-73.945495,R206
135th St,23,2-3,135 St,2/3,"EL180,EL181",135 St,"2,3",135 ST,23,224,40.814229,-73.94077,R207
116th St,23,2-3,,,,116 St,"2,3",116 ST,23,226,40.802098,-73.949625,R324
Tremont Ave,BD,B-D,,,,Tremont Av,"B,D",TREMONT AV,BD,D07,40.85041,-73.905227,R154
137th St - City College,1,1,,,,137 St - City College,1,137 ST CITY COL,1,115,40.822008000000004,-73.953676,R169
145th St,3,3,,,,145 St,3,145 ST,3,302,40.820421,-73.936245,R344
176th St,4,4,,,,176 St,4,176 ST,4,410,40.84848,-73.911794,R309
Burnside Ave,4,4,,,,Burnside Av,4,BURNSIDE AV,4,409,40.853453,-73.907684,R244
170th St,BD,B-D,,,,170 St,"B,D",170 ST,BD,D09,40.839306,-73.9134,R443
168th St,1,1,168 St,1,"EL112,EL111,EL113,EL114",168 St - Washington Hts,1,168 ST-BROADWAY,1AC,112,40.74104000000001,-73.99787099999999,R035
181st St,1,1,181 St,1,"EL107,EL109,EL110,EL108",181 St,1,181 ST,1,111,40.849505,-73.933596,R260
191st St,1,1,191 St,1,"EL106,EL105,EL104,EL103",191 St,1,191 ST,1,110,40.855225,-73.929412,R274
175th St,A,A,175 St,A,"EL123,EL124",175 St,A,175 ST,A,A07,40.847390999999995,-73.939704,R126
Beach 44th St,A,A,,,,Beach 44 St,A,BEACH 44 ST,A,H08,40.592943,-73.776013,R337
Beach 60th St,A,A,,,,Beach 60 St,A,BEACH 60 ST,A,H07,40.592374,-73.788522,R336
Beach 98th St,AS,A-S,,,,Beach 98 St,"A,S",BEACH 98 ST,AS,H13,40.585307,-73.82055799999999,R417
Rockaway Park - Beach 116 St,AS,A-S,,,,Rockaway Park - Beach 116 St,"A,S",ROCKAWAY PARK B,AS,H15,40.580903,-73.835592,R419
Beach 36th St,A,A,,,,Beach 36 St,A,BEACH 36 ST,A,H09,40.595397999999996,-73.768175,R338
Beach 25th St,A,A,,,,Beach 25 St,A,BEACH 25 ST,A,H10,40.600066,-73.761353,R358
Parsons Blvd,F,F,,,,Parsons Blvd,"E,F,FX",PARSONS BLVD,F,F03,40.707564,-73.803326,R114
169th St,F,F,,,,169 St,"E,F,FX",169 ST,F,F02,40.71047,-73.793604,R115
103rd St - Corona Plaza,7,7,,,,103 St - Corona Plaza,7,103 ST-CORONA,7,706,40.749865,-73.8627,R208
111th St,7,7,,,,111 St,7,111 ST,7,705,40.75173,-73.855334,R310
63rd Dr - Rego Park,EMR,E-M-R,,,,63 Dr - Rego Park,"E,M,R",63 DR-REGO PARK,MR,G10,40.729846,-73.861604,R202
Grant Ave,AS,A-S,,,,Grant Av,A,GRANT AV,A,A57,40.677044,-73.86505,R382
79th St,12,1-2,,,,79 St,"1,2",79 ST,1,122,40.783934,-73.979917,R166
Atlantic Ave,L,L,,,,Atlantic Av,L,ATLANTIC AV,L,L24,40.675345,-73.903097,R348
Christopher St - Sheridan Sq,12,1-2,,,,Christopher St - Sheridan Sq,"1,2",CHRISTOPHER ST,1,133,40.733422,-74.00290600000001,"R189,R548"
Ozone Park - Lefferts Blvd,AS,A-S,Ozone Park / Lefferts Blvd,A,"EL462,EL463",Ozone Park - Lefferts Blvd,A,OZONE PK LEFFRT,A,A65,40.685951,-73.82579799999999,R356
Times Sq - 42nd St,7,7-7 Express,,,,Times Sq - 42 St,"7,7X",42 ST-TIMES SQ,1237ACENQRS,725,40.755477,-73.987691,"R032,R033"
W 8th St - NY Aquarium,FQ,F-Q,West 8 St - NY Aquarium,F/Q,ES335,W 8 St - NY Aquarium,"F,FX,Q",W 8 ST-AQUARIUM,FQ,D42,40.576127,-73.975939,R312
28th St,12,1-2,,,,28 St,"1,2",28 ST,1,129,40.747215000000004,-73.993365,R272
28th St,46,4-6-6 Express,28 St,6,EL279X,28 St,"4,6,6X",28 ST,6,633,40.74307,-73.984264,R143
Pelham Bay Park,6,6-6 Express,Pelham Bay Park,6,"EL121,ES121,EL122,ES120",Pelham Bay Park,"6,6X",PELHAM BAY PARK,6,601,40.852462,-73.828121,R429
Westchester Sq - E Tremont Ave,6,6-6 Express,,,,Westchester Sq - E Tremont Av,"6,6X",WESTCHESTER SQ,6,604,40.839892,-73.842952,R107
18th St,12,1-2,,,,18 St,"1,2",18 ST,1,131,40.74104000000001,-73.99787099999999,R321
Grand Central - 42nd St,7,7-7 Express,,,,Grand Central - 42 St,"7,7X",GRD CNTRL-42 ST,4567S,723,40.751431,-73.97604100000001,"R045,R046,R047,R048"
Beach 67th St,A,A,,,,Beach 67 St,A,BEACH 67 ST,A,H06,40.590927,-73.796924,R335
W 4th St - Washington Sq (Upper),ACE,A-C-E,,,,W 4 St - Wash Sq,"A,C,E",W 4 ST-WASH SQ,ABCDEFM,A32,40.732338,-74.000495,R138
85th St - Forest Pky,J,J,,,,85 St - Forest Pkwy,J,85 ST-FOREST PK,J,J16,40.692434999999996,-73.86001,R005
Woodhaven Blvd,JZ,J-Z,,,,Woodhaven Blvd,"J,Z",WOODHAVEN BLVD,JZ,J15,40.693878999999995,-73.851576,R006
111th St,J,J,,,,111 St,J,111 ST,J,J13,40.697418,-73.836345,R008
121st St,JZ,J-Z,,,,121 St,"J,Z",121 ST,JZ,J12,40.700492,-73.828294,R009
Halsey St,L,L,,,,Halsey St,L,HALSEY ST,L,L19,40.695602,-73.904084,R266
Myrtle - Wyckoff Aves,L,L,Myrtle Av / Wyckoff Av,L/M,"EL396,ES332,ES333,EL397,EL398",Myrtle - Wyckoff Avs,L,MYRTLE-WYCKOFF,LM,L17,40.699814,-73.911586,R137
New Lots Ave,34,3-4,,,,New Lots Av,"2,3,4,5",NEW LOTS AV,3,257,40.666235,-73.884079,R069
Van Siclen Ave,AC,A-C,,,,Van Siclen Av,"A,C",VAN SICLEN AVE,C,A53,40.672709999999995,-73.89035799999999,R441
Cleveland St,J,J,,,,Cleveland St,J,CLEVELAND ST,J,J22,40.679947,-73.884639,R435
Livonia Ave,L,L,,,,Livonia Av,L,LIVONIA AV,L,L26,40.664038,-73.900571,R350
Junius St,34,3-4,,,,Junius St,"2,3,4,5",JUNIUS ST,3,254,40.663515000000004,-73.902447,R066
Rockaway Ave,34,3-4,,,,Rockaway Av,"2,3,4,5",ROCKAWAY AV,3,253,40.662549,-73.908946,R065
Canarsie - Rockaway Pkwy,L,L,,,,Canarsie - Rockaway Pkwy,L,CANARSIE-ROCKAW,L,L29,40.646654,-73.90185,R152
E 105th St,L,L,,,,E 105 St,L,EAST 105 ST,L,L28,40.650573,-73.899485,R376
Saratoga Ave,34,3-4,,,,Saratoga Av,"2,3,4,5",SARATOGA AV,3,252,40.661453,-73.916327,R064
Sutter Ave - Rutland Road,34,3-4,,,,Sutter Av - Rutland Rd,"2,3,4,5",SUTTER AV-RUTLD,3,251,40.664716999999996,-73.92260999999999,R063
New Lots Ave,L,L,,,,New Lots Av,L,NEW LOTS,L,L27,40.65873300000001,-73.899232,R375
Broadway Junction,JZ,J-Z,Broadway Junction,A/C/J/L/Z/LIRR,"ES347,ES331,ES330",Broadway Jct,"J,Z",BROADWAY-ENY,ACJLZ,J27,40.679497999999995,-73.904512,R103
Alabama Ave,J,J,,,,Alabama Av,"J,Z",ALABAMA AV,J,J24,40.676992,-73.89865400000001,R433
Shepherd Ave,AC,A-C,,,,Shepherd Av,"A,C",SHEPHERD AV,C,A54,40.67413,-73.88075,R442
Crescent St,JZ,J-Z,,,,Crescent St,"J,Z",CRESCENT ST,JZ,J20,40.683194,-73.873785,R437
Cypress Hills,J,J,,,,Cypress Hills,J,CYPRESS HILLS,J,J19,40.689941,-73.87255,R003
75th St - Eldert Ln,JZ,J-Z,,,,75 St - Elder Ln,"J,Z",75 ST-ELDERTS,JZ,J17,40.691324,-73.867139,R004
69th St,7,7,,,,69 St,7,69 ST,7,711,40.746325,-73.896403,R347
74th St - Broadway,7,7,74 St - Broadway / Roosevelt Av,7/E/F/M/R,EL423,74 St - Broadway,7,74 ST-BROADWAY,EFMR7,710,40.746848,-73.89139399999999,R018
74th St - Broadway,7,7,74 St - Broadway / Roosevelt Av,7/E/F/M/R,EL423,74 St - Broadway,7,74 ST-BROADWAY,7EFMR,710,40.746848,-73.89139399999999,R018
Woodhaven Blvd - Queens Mall,EMR,E-M-R,,,,Woodhaven Blvd,"E,M,R",WOODHAVEN BLVD,MR,G11,40.733106,-73.869229,R201
Myrtle - Wyckoff Aves,M,M,,,,Myrtle - Wyckoff Avs,M,MYRTLE AVE,LM,M08,40.69943,-73.912385,R137
Seneca Ave,M,M,,,,Seneca Av,M,SENECA AVE,M,M06,40.702762,-73.90774,R402
DeKalb Ave,L,L,,,,DeKalb Av,L,DEKALB AV,L,L16,40.703811,-73.918425,R236
52nd St,7,7,,,,52 St,7,52 ST,7,713,40.744149,-73.912549,R327
46th St,EMR,E-M-R,,,,46 St,"E,M,R",46 ST,MR,G18,40.756312,-73.913333,R267
Northern Blvd,EMR,E-M-R,,,,Northern Blvd,"E,M,R",NORTHERN BLVD,MR,G16,40.752885,-73.906006,R298
46th St,7,7,,,,46 St - Bliss St,7,46 ST BLISS ST,7,714,40.743132,-73.918435,R223
82nd St - Jackson Hts,7,7,,,,82 St - Jackson Hts,7,82 ST-JACKSON H,7,709,40.74765900000001,-73.883697,R096
90th St - Elmhurst Av,7,7,,,,90 St - Elmhurst Av,7,90 ST-ELMHURST,7,708,40.74840800000001,-73.876613,R122
Howard Beach - JFK Airport,A,A,Howard Beach,A,"EL491X,EL490X,EL495X,EL494X,EL493X,ES498X,ES497X,ES499X,ES496X,EL492X",Howard Beach - JFK Airport,A,HOWARD BCH JFK,A,H03,40.660476,-73.830301,R414
Aqueduct - North Conduit Av,A,A,,,,Aqueduct - N Conduit Av,A,AQUEDUCT N.COND,A,H02,40.66823400000001,-73.834058,R357
Briarwood - Van Wyck Blvd,EF,E-F,Briarwood,E/F,EL424,Briarwood,"E,F,FX",BRIARWOOD,EF,F05,40.709179,-73.820574,R255
Forest Hills - 71st Av,EFMR,E-F-M-R,Forest Hills - 71 Av,E/F/M/R,"EL438,EL439,EL437",Forest Hills - 71 Av,"E,F,FX,M,R",FOREST HILLS 71,EFMR,G08,40.721691,-73.844521,R141
Sutphin Blvd,F,F,,,,Sutphin Blvd,"E,F,FX",SUTPHIN BLVD,F,F04,40.705459999999995,-73.81070799999999,R128
Jamaica Ctr - Parsons / Archer,EJZ,E-J-Z,Jamaica Center Parsons/Archer,E/J/Z,"EL412,ES445,ES446,ES443,ES444,ES441,EL413,ES439,ES438,ES440,ES442,ES447",Jamaica Center - Parsons/Archer,"E,J,Z",JAMAICA CENTER,EJZ,G05,40.702147,-73.801109,R025
225th St,25,2-5,,,,225 St,"2,5",225 ST,25,206,40.888022,-73.860341,R366
Elder Ave,6,6,,,,Elder Av,"6,6X",ELDER AV,6,611,40.828584,-73.879159,R162
Longwood Ave,6,6,,,,Longwood Av,6,LONGWOOD AV,6,614,40.816103999999996,-73.896435,R450
Astoria Blvd,NW,N-W,,,,Astoria Blvd,"N,W",ASTORIA BLVD,NQW,R03,40.770258,-73.917843,R094
Astoria - Ditmars Blvd,NW,N-W,,,,Astoria - Ditmars Blvd,"N,W",ASTORIA DITMARS,NQW,R01,40.775036,-73.91203399999999,R095
Jackson Ave,25,2-5,,,,Jackson Av,"2,5",JACKSON AV,25,220,40.81649,-73.90780699999999,R405
Prospect Ave,25,2-5,,,,Prospect Av,"2,5",PROSPECT AV,25,219,40.819585,-73.90177,R406
Cypress Ave,6,6,,,,Cypress Av,6,CYPRESS AV,6,617,40.805368,-73.91404200000001,R447
174th St,25,2-5,,,,174 St,"2,5",174 ST,25,215,40.837288,-73.887734,R386
Allerton Ave,25,2-5,,,,Allerton Av,"2,5",ALLERTON AV,25,210,40.865462,-73.867352,R362
E 143rd St - St Mary's St,6,6,,,,E 143 St - St Mary's St,6,E 143/ST MARY'S,6,616,40.808719,-73.907657,R448
Kingsbridge Rd,4,4,,,,Kingsbridge Rd,4,KINGSBRIDGE RD,4,406,40.86776,-73.89717399999999,R161
Bedford Park Blvd - Lehman College,4,4,,,,Bedford Park Blvd - Lehman College,4,BEDFORD PK BLVD,4,405,40.873412,-73.890064,R183
Harlem - 148 St,3,3,,,,Harlem - 148 St,3,HARLEM 148 ST,3,301,40.823879999999996,-73.93647,R345
Mt Eden Ave,4,4,,,,Mt Eden Av,4,MT EDEN AV,4,411,40.844434,-73.91468499999999,R308
Fordham Rd,BD,B-D,,,,Fordham Rd,"B,D",FORDHAM RD,BD,D05,40.861296,-73.897749,R112
170th St,4,4,,,,170 St,4,170 ST,4,412,40.840075,-73.91779100000001,R243
Bedford Park Blvd,BD,B-D,Bedford Park Blvd/Grand Concourse Line, ,"EL501,EL502,EL500",Bedford Park Blvd,"B,D",BEDFORD PK BLVD,BD,D03,40.873244,-73.88713800000001,R156
Marble Hill - 225th St,1,1,,,,Marble Hill - 225 St,1,MARBLE HILL-225,1,106,40.874561,-73.90983100000001,R039
231st St,1,1,231 St,1,"EL185,EL184",231 St,1,231 ST,1,104,40.878856,-73.904834,R040
215th St,1,1,125 St,1,"ES102,ES101,ES103",215 St,1,215 ST,1,107,40.869444,-73.915279,R034
207th St,1,1,,,,207 St,1,207 ST,1,108,40.864621,-73.91882199999999,R037
Inwood - 207th St,A,A,207 St - Inwood,A,"EL148,EL149",Inwood - 207 St,A,INWOOD-207 ST,A,A02,40.868072,-73.919899,R173
Van Cortlandt Park - 242nd St,1,1,,,,Van Cortlandt Park - 242 St,1,V.CORTLANDT PK,1,101,40.889247999999995,-73.898583,R117
West Farms Sq - E Tremont Av,25,2-5,West Farms Sq - E Tremont Av,2/5,ES106,West Farms Sq - E Tremont Av,"2,5",WEST FARMS SQ,25,214,40.84029500000001,-73.880049,R387
219th St,25,2-5,,,,219 St,"2,5",219 ST,25,207,40.883895,-73.862633,R365
Mosholu Pkwy,4,4,,,,Mosholu Pkwy,4,MOSHOLU PKWY,4,402,40.87975,-73.88465500000001,R133
Norwood - 205th St,D,D,205 St - Norwood,D,ES112,Norwood - 205 St,D,NORWOOD 205 ST,D,D01,40.874811,-73.878855,R157
Burke Ave,25,2-5,,,,Burke Av,"2,5",BURKE AV,25,209,40.871356,-73.867164,R363
Baychester Ave,5,5,,,,Baychester Av,"5,5X",BAYCHESTER AV,5,502,40.878663,-73.83859100000001,R292
Eastchester - Dyre Ave,5,5,,,,Eastchester - Dyre Av,"5,5X",EASTCHSTER/DYRE,5,501,40.8883,-73.830834,R431
Jamaica - 179th St,F,F,179 St - Jamaica,F,"EL431,EL433,EL432",Jamaica - 179 St,"E,F,FX",JAMAICA 179 ST,F,F01,40.712646,-73.783817,R019
Wakefield - 241st St,2,2,,,,Wakefield - 241 St,2,WAKEFIELD/241,2,201,40.903125,-73.85061999999999,R145
Botanic Garden,S,S,,,,Botanic Garden,S,BOTANIC GARDEN,S2345,S04,40.670343,-73.959245,R412
Bushwick - Aberdeen,L,L,,,,Bushwick Av - Aberdeen St,L,BUSHWICK AV,L,L21,40.682829,-73.905249,R313
Broadway Junction,L,L,,,,Broadway Jct,L,BROADWAY JCT,ACJLZ,L22,40.678856,-73.90324,R103
Gun Hill Rd,5,5,,,,Gun Hill Rd,"5,5X",GUN HILL RD,5,503,40.87785,-73.866256,R226
E 180th St,25,2-5,East 180 St,2/5,"EL160,EL159",E 180 St,"2,5,5X",E 180 ST,25,213,40.841894,-73.873488,R388
Dyckman St,1,1,Dyckman St,1,EL178,Dyckman St,1,DYCKMAN ST,1,109,40.860531,-73.925536,R036
125th St,1,1,,,,125 St,1,125 ST,1,116,40.869444,-73.915279,R034
Franklin Ave - Fulton St,S,S,,,,Franklin Av,S,FRANKLIN AV,2345S,S01,40.680596,-73.955827,R123
149th St - Grand Concourse,25,2-5,,,,149 St - Grand Concourse,"2,5,5X",149/GRAND CONC,245,222,40.81841,-73.92671800000001,R205
3rd Ave - 149th St,25,2-5,149 St - 3 Av,2/5,"EL129,EL130",3 Av - 149 St,"2,5,5X",3 AV-149 ST,25,221,40.816109000000004,-73.917757,R053
167th St,4,4,,,,167 St,1,167 ST,4,413,40.84848,-73.911794,R221
Brook Ave,6,6,,,,Brook Av,6,BROOK AV,6,618,40.807565999999994,-73.91924,R446
33rd St,7,7,,,,33 St - Rawson St,7,33 ST-RAWSON ST,7,716,40.744587,-73.93099699999999,R291
40th St,7,7,,,,40 St - Lowery St,7,40 ST LOWERY ST,7,715,40.743781,-73.92401600000001,R261
145th St,ABCD,A-B-C-D,145 St,A/B/C/D,"ES116,ES115",145 St,"A,B,C",145 ST,ABCD,A12,40.824783000000004,-73.944216,R101
155th St,BD,B-D,,,,155 St,"B,D",155 ST,BD,D12,40.830135,-73.938209,R315
161st St - Yankee Stadium,BD,B-D,,,,161 St - Yankee Stadium,"B,D",161/YANKEE STAD,4BD,D11,40.827905,-73.925651,R195
161st St - Yankee Stadium,BD,B-D,,,,161 St - Yankee Stadium,"B,D",161/YANKEE STAD,BD4,D11,40.827905,-73.925651,R195
Utica Ave,AC,A-C,Utica Av,A/C,"EL346,EL345,EL344",Utica Av,"A,C",UTICA AV,AC,A48,40.679364,-73.930729,R153
Steinway St,EMR,E-M-R,,,,Steinway St,"E,M,R",STEINWAY ST,MR,G19,40.756879,-73.92074000000001,R238
Kosciuszko St,J,J,,,,Kosciuszko St,J,KOSCIUSZKO ST,J,J31,40.693342,-73.928814,R379
Gates Ave,JZ,J-Z,,,,Gates Av,"J,Z",GATES AV,JZ,J30,40.68963,-73.92227,R380
Central Ave,M,M,,,,Central Av,M,CENTRAL AV,M,M10,40.697857,-73.927397,R401
Knickerbocker Ave,M,M,,,,Knickerbocker Av,M,KNICKERBOCKER,M,M09,40.698664,-73.91971099999F999,R413
30th Ave,NW,N-W,,,,30 Av,"N,W",30 AV,NQW,R04,40.766779,-73.921479,R093
Jefferson St,L,L,,,,Jefferson St,L,JEFFERSON ST,L,L15,40.706607,-73.922913,R279
Morgan Ave,L,L,,,,Morgan Av,L,MORGAN AV,L,L14,40.706152,-73.93314699999999,R294
Queens Plz,EMR,E-M-R,Queens Plaza,E/R/M,"EL430,EL429,EL428",Queens Plaza,"E,M,R",QUEENS PLAZA,EMR,G21,40.748973,-73.93724300000001,R140
18th Ave,F,F,,,,18 Av,"F,FX",18 AV,F,F30,40.629754999999996,-73.97697099999999,R242
77th St,R,R,,,,77 St,R,77 ST,R,R43,40.629742,-74.02551,R214
Bay Ridge Ave,R,R,,,,Bay Ridge Av,R,BAY RIDGE AV,R,R42,40.634966999999996,-74.023377,R213
50th St,D,D,,,,50 St,D,50 ST,D,B14,40.63626,-73.994791,R234
Ft Hamilton Pkwy,N,N,,,,Fort Hamilton Pkwy,"N,W,Q",FT HAMILTON PKY,N,N03,40.631386,-74.005351,R391
25th Ave,D,D,,,,25 Av,D,25 AV,D,B22,40.597704,-73.986829,R399
Bay Pky,D,D,Bay Parkway,D,"EL376,EL378,EL377",Bay Pkwy,D,BAY PKWY,D,B21,40.601875,-73.993728,R374
20th Ave,N,N,,,,20 Av,"N,W,Q",20 AV,N,N06,40.61741,-73.985026,R393
18th Ave,N,N,,,,18 Av,"N,W,Q",18 AV,N,N05,40.620671,-73.990414,R392
Bay Ridge - 95th St,R,R,,,,Bay Ridge - 95 St,R,BAY RIDGE-95 ST,R,R45,40.616622,-74.030876,R216
86th St,R,R,,,,86 St,R,86 ST,R,R44,40.777891,-73.951787,R215
79th St,D,D,,,,79 St,D,79 ST,D,B18,40.613501,-74.00061,R371
71st St,D,D,,,,71 St,D,71 ST,D,B17,40.61958900000001,-73.998864,R370
20th Ave,D,D,,,,20 Av,D,20 AV,D,B20,40.604556,-73.998168,R373
18th Ave,D,D,,,,18 Av,D,18 AV,D,B19,40.607954,-74.001736,R372
62nd St,D,D,62 St / New Utrecht,D/N,"EL740,EL741,EL738,EL739",62 St,D,NEW UTRECHT AVE,ND,B16,40.626472,-73.996895,R398
New Utrecht Ave,N,N,,,,New Utrecht Av,"N,W,Q",NEW UTRECHT AV,ND,N04,40.624842,-73.996353,R398
Ave U,F,F,,,,Avenue U,"F,FX",AVENUE U,F,F36,40.596063,-73.973357,R425
Kings Hwy,F,F,,,,Kings Hwy,"F,FX",KINGS HWY,F,F35,40.603217,-73.97236099999999,R130
Brighton Beach,BQ,B-Q,Brighton Beach,B/Q,ES346,Brighton Beach,"B,Q",BRIGHTON BEACH,BQ,D40,40.577621,-73.961376,R172
Sheepshead Bay,BQ,B-Q,,,,Sheepshead Bay,"B,Q",SHEEPSHEAD BAY,BQ,D39,40.586896,-73.954155,R136
Ave U,Q,Q,,,,Avenue U,Q,AVENUE U,BQ,D37,40.5993,-73.955929,R150
Kings Hwy,BQ,B-Q,Kings Highway,B/Q,"EL761,EL760",Kings Hwy,"B,Q",KINGS HWY,BQ,D35,40.608670000000004,-73.957734,R211
Ave U,N,N,,,,Avenue U,"N,W,Q",AVENUE U,N,N09,40.597473,-73.979137,R396
Kings Hwy,N,N,,,,Kings Hwy,"N,W,Q",KINGS HWY,N,N08,40.603922999999995,-73.98035300000001,R395
Neptune Ave,F,F,,,,Neptune Av,"F,FX",NEPTUNE AV,F,F39,40.581011,-73.974574,R426
Ave X,F,F,,,,Avenue X,"F,FX",AVENUE X,F,F38,40.589620000000004,-73.97425,R271
Bay 50th St,D,D,,,,Bay 50 St,D,BAY 50 ST,D,B23,40.588840999999995,-73.983765,R400
Gravesend - 86th St,N,N,,,,86 St,"N,W,Q",86 ST,N,N10,40.592721000000004,-73.97823000000001,R397
Ave P,F,F,,,,Avenue P,"F,FX",AVENUE P,F,F34,40.608944,-73.973022,R424
Ave N,F,F,,,,Avenue N,"F,FX",AVENUE N,F,F33,40.615140000000004,-73.974197,R423
Bay Pky,F,F,,,,Bay Pkwy,"F,FX",BAY PKWY,F,F32,40.620769,-73.975264,R422
Ave M,Q,Q,,,,Avenue M,Q,AVENUE M,BQ,D34,40.617618,-73.959399,R229
Bay Pky,N,N,,,,Bay Pkwy,"N,W,Q",BAY PKWY,N,N07,40.611815,-73.981848,R394
Ave I,F,F,,,,Avenue I,"F,FX",AVENUE I,F,F31,40.625322,-73.976127,R421
Ave J,Q,Q,,,,Avenue J,Q,AVENUE J,BQ,D33,40.625039,-73.960803,R228
Ave H,Q,Q,,,,Avenue H,Q,AVENUE H,BQ,D32,40.62927,-73.961639,R263
Neck Rd,Q,Q,,,,Neck Rd,Q,NECK RD,BQ,D38,40.595246,-73.955161,R230
21st St - Queensbridge,F,F,21 ST-QNSBRIDGE,F,"EL405,EL407,EL406,ES421,ES422,ES425,ES426,ES424,ES423",21 St - Queensbridge,"F,FX",21 ST-QNSBRIDGE,F,B04,40.754203000000004,-73.942836,R303
50th St,ACE,A-C-E,50 St,C/E,"EL207X,ES263X,EL208X,ES264X",50 St,"A,C,E",50 ST,CE,A25,40.762456,-73.985984,R188
7th Ave,BDE,B-D-E,,,,7 Av,"B,D,E",7 AVE-53 ST,BDE,D14,40.762862,-73.981637,R113
7th Ave,BDE,B-D-E,,,,7 Av,"B,Q",7 AVE-53 ST,BQ,D25,40.762862,-73.981637,R113
47th-50th Sts - Rockefeller Ctr,BDFM,B-D-F-M,47-50 STS ROCK,B/D/F/M,"EL234,EL236,EL235",47-50 Sts - Rockefeller Ctr,"B,D,F,FX,M",47-50 STS ROCK,BDFM,D15,40.758663,-73.981329,R020
57th St,F,F,,,,57 St,"F,FX,M",57 ST,F,B10,40.763971999999995,-73.97745,R302
Lexington Ave - 63rd St,FQ,F-Q,Lexington Av / 63 St,F/Q,"EL444,EL401,EL402,ES408,ES407,ES409,ES410,EL443,EL442,EL441,EL440,ES458,ES459,ES405,ES406,ES402,ES401,ES404,ES403",Lexington Av/63 St,"F,FX,M,N,Q,R",LEXINGTON AV,456NQR,B08,40.764629,-73.966113,"R050,R051"
Lexington Ave - 63rd St,FQ,F-Q,Lexington Av / 63 St,F/Q,"EL444,EL401,EL402,ES408,ES407,ES409,ES410,EL443,EL442,EL441,EL440,ES458,ES459,ES405,ES406,ES402,ES401,ES404,ES403",Lexington Av/63 St,"F,FX,M,N,Q,R",LEXINGTON AV/63,F,B08,40.764629,-73.966113,"R050,R051"
Roosevelt Island - Main St,F,F,Roosevelt Island,F,"ES413,ES412,ES411,ES415,ES414,ES416,ES417,ES419,ES420,ES418,EL404,EL403",Roosevelt Island,"F,FX",ROOSEVELT ISLND,F,B06,40.759145000000004,-73.95326,R259
59th St - Columbus Circle,ABCD,A-B-C-D,,,,59 St - Columbus Circle,"A,B,C,D",59 ST COLUMBUS,1ABCD,A24,40.768296,-73.981736,R084
49th St,NQRW,N-Q-R-W,49 St,N/R/W,EL268X,49 St,"N,W,Q,R",49 ST,NQRW,R15,40.759901,-73.984139,R081
57th St,NQRW,N-Q-R-W,57 St - 7 Av, ,"EL283,EL282,EL281,EL604",57 St - 7 Av,"N,W,Q,R",57 ST-7 AV,NQRW,R14,40.764664,-73.98065799999999,R080
57th St,NQRW,N-Q-R-W,57 St - 7 Av,N/Q/R/W,"EL283,EL282,EL281,EL604",57 St - 7 Av,"N,W,Q,R",57 ST-7 AV,NQRW,R14,40.764664,-73.98065799999999,R080
5th Ave - 59th St,NRW,N-R-W,,,,5 Av/59 St,"N,W,R",5 AV/59 ST,NQRW,R13,40.764811,-73.973347,R079
Lexington Ave - 59th St,NRW,N-R-W,Lexington Av / 59 St,N/R/W,"ES249,ES248,ES215",Lexington Av/59 St,"N,W,R",59 ST,456NQRW,R11,40.76266,-73.967258,"R050,R051"
Lexington Ave - 59th St,NRW,N-R-W,Lexington Av / 59 St,N/R/W,"ES249,ES248,ES215",Lexington Av/59 St,"N,W,R",59 ST,NQR456W,R11,40.76266,-73.967258,"R050,R051"
Lexington Ave - 59th St,NRW,N-R-W,Lexington Av / 59 St,N/R/W,"ES249,ES248,ES215",Lexington Av/59 St,"N,W,R",59 ST,NRW,R11,40.76266,-73.967258,"R050,R051"
34th St - Penn Station,123,1-2-3,34 St - Penn,1/2/3/LIRR,"EL215,EL216,EL214,EL34X",34 St - Penn Station,"1,2,3",34 ST-PENN STA,123,128,40.750372999999996,-73.991057,R031
Times Sq - 42nd St,123,1-2-3,,,,Times Sq - 42 St,"1,2,3",TIMES SQ-42 ST,1237ACENQRS,127,40.75529,-73.987495,"R032,R033"
Fulton St,AC,A-C,Fulton St,2/3/4/5/A/C/J/Z,"ES377X,ES376X,ES365X,ES366X,EL728X,EL718X,EL717X,EL723,ES364,ES367,ES368,EL719,EL721,EL732,EL729X,EL716,EL720,EL733X,ES360X,ES362X,ES361X,ES363X,ES383X,EL722",Fulton St,"A,C",FULTON ST,ACJZ2345,A38,40.710196999999994,-74.00769100000001,"R002,R014"
Fulton St,AC,A-C,Fulton St,2/3/4/5/A/C/J/Z/R/W,"ES377X,ES376X,ES365X,ES366X,EL728X,EL718X,EL717X,EL723,ES364,ES367,ES368,EL719,EL721,EL732,EL729X,EL716,EL720,EL733X,ES360X,ES362X,ES361X,ES363X,ES383X,EL722",Fulton St,"A,C",FULTON ST,ACJZ2345,A38,40.710196999999994,-74.00769100000001,"R002,R014"
Fulton St,AC,A-C,Fulton St, 2/3/4/5/A/C/J/Z,"ES377X,ES376X,ES365X,ES366X,EL728X,EL718X,EL717X,EL723,ES364,ES367,ES368,EL719,EL721,EL732,EL729X,EL716,EL720,EL733X,ES360X,ES362X,ES361X,ES363X,ES383X,EL722",Fulton St,"A,C",FULTON ST,ACJZ2345,A38,40.710196999999994,-74.00769100000001,"R002,R014"
Chambers St,AC,A-C,,,,Chambers St,"A,C",CHAMBERS ST,ACE23,A36,40.714110999999995,-74.008585,R029
42nd St - Port Authority Bus Term,ACE,A-C-E,42 ST-PORT AUTH,A/C/E,"EL291X,EL290X,ES606X,ES607X,EL288X,EL289X",42 St - Port Authority Bus Terminal,"A,C,E",42 ST-PORT AUTH,ACENQRS1237W,A27,40.757308,-73.989735,"R010,R011"
42nd St - Port Authority Bus Term,ACE,A-C-E,42 ST-PORT AUTH,A/C/E,"EL291X,EL290X,ES606X,ES607X,EL288X,EL289X",42 St - Port Authority Bus Terminal,"A,C,E",42 ST-PORT AUTH,ACENGRS1237W,A27,40.757308,-73.989735,"R010,R011"
Myrtle-Willoughby Aves,G,G,,,,Myrtle - Willoughby Avs,G,MYRTLE-WILLOUGH,G,G32,40.694568,-73.949046,R286
Flushing Ave,G,G,,,,Flushing Av,G,FLUSHING AV,G,G31,40.700377,-73.950234,R316
23rd St,FM,F-M,,,,23 St,"F,FX,M",23 ST,FM,D18,40.74287800000001,-73.99282099999999,"R203,R453"
Herald Sq - 34th St,BDFM,B-D-F-M,,,,34 St - Herald Sq,"B,D,F,FX,M",34 ST-HERALD SQ,BDFMNQR,D17,40.749719,-73.98782299999999,"R022,R023"
Herald Sq - 34th St,BDFM,B-D-F-M,,,,34 St - Herald Sq,"B,D,F,FX,M",34 ST-HERALD SQ,BDFMNQRW,D17,40.749719,-73.98782299999999,"R022,R023"
Hoyt - Schermerhorn Sts,ACG,A-C-G,Hoyt Schermerhorn, A/C/G,EL747X,Hoyt - Schermerhorn Sts,"A,C,G",HOYT-SCHER,ACG,A42,40.688484,-73.985001,R217
Jay St - MetroTech,ACF,A-C-F,Jay St - MetroTech,A/C/F/R,"EL706,ES356,EL327X,ES357,EL708,EL707,EL709,ES320,ES319,ES317,ES318,ES307",Jay St - MetroTech,"A,C,F,FX",JAY ST-METROTEC,ACF,A41,40.692338,-73.987342,R127
East Broadway,F,F,East Broadway,F,ES329,East Broadway,"F,FX",EAST BROADWAY,F,F16,40.713715,-73.990173,R257
Delancey St - Essex St,F,F,,,,Delancey St - Essex St,"F,FX",DELANCEY/ESSEX,FJMZ,F15,40.718610999999996,-73.988114,R142
Lower East Side - 2nd Ave,F,F,,,,2 Av,"F,FX",2 AV,F,F14,40.723402,-73.989938,R300
Flushing Ave,JM,J-M,Flushing Av,J/M,"EL393,EL395,EL394",Flushing Av,"J,M",FLUSHING AV,JM,M12,40.70026,-73.941126,R377
Myrtle Ave,JMZ,J-M-Z,,,,Myrtle Av,"J,Z,M",MYRTLE AV,JMZ,M11,40.697207,-73.93565699999999,R137
4th Av - 9th St,FG,F-G,,,,4 Av - 9 St,"F,G",4AV-9 ST,DFGMNR,F23,40.670272,-73.989779,R258
4th Av - 9th St,FG,F-G,,,,4 Av - 9 St,"F,G",4 AV-9 ST,DFGMNR,F23,40.670272,-73.989779,R258
Smith - 9th Sts,FG,F-G,Smith - 9 Sts,F/G,"ES315,ES349,ES316,ES348,ES314,ES313",Smith - 9 Sts,"F,G",SMITH-9 ST,FG,F22,40.67358,-73.995959,R270
Bergen St,FG,F-G,,,,Bergen St,"F,G",BERGEN ST,FG,F20,40.686145,-73.99086199999999,R129
Jay St - MetroTech,NR,N-R,,,,Jay St - MetroTech,"N,W,R",JAY ST-METROTEC,R,R29,40.69218,-73.98594200000001,R089
Court St,NR,N-R,Court St,R,"EL308,EL309,ES305,ES306",Court St,"N,W,R",BOROUGH HALL,2345R,R28,40.6941,-73.991777,R108
Court St,NR,N-R,Court St,R,"EL308,EL309,ES305,ES306",Court St,"N,W,R",BOROUGH HALL,R2345,R28,40.6941,-73.991777,R108
Union Sq - 14th St,NQRW,N-Q-R-W,14 St - Union Sq,L/N/Q/R/W,"EL217,EL220,EL218,EL219,ES257X,ES258X",14 St - Union Sq,"N,W,Q,R",14 ST-UNION SQ,LNQR456W,R20,40.735735999999996,-73.99056800000001,R170
Union Sq - 14th St,NQRW,N-Q-R-W,14 St - Union Sq,L/N/Q/R/W,"EL217,EL220,EL218,EL219,ES257X,ES258X",14 St - Union Sq,"N,W,Q,R",14 ST-UNION SQ,456LNQRW,R20,40.735735999999996,-73.99056800000001,R170
23rd St,NQRW,N-Q-R-W,,,,23 St,"N,W,Q,R",23 ST,NRW,R19,40.741303,-73.98934399999999,R083
Prospect Ave,DNR,D-N-R,,,,Prospect Av,"D,N,W,R",PROSPECT AV,R,R34,40.665414,-73.99287199999999,"R246,R454"
4th Av - 9th St,DNR,D-N-R,,,,4 Av - 9 St,"D,N,W,R",4 AVE,DFGMNR,R33,40.670846999999995,-73.988302,R258
3rd Ave,L,L,,,,3 Av,L,3 AV,L,L05,40.732849,-73.986122,R330
Union Sq - 14th St,L,L,,,,Union Sq - 14 St,L,14 ST-UNION SQ,LNQR456W,L03,40.734789,-73.99073,R170
Liberty Ave,AC,A-C,,,,Liberty Av,"A,C",LIBERTY AV,C,A52,40.674541999999995,-73.896548,R440
Broadway Junction,AC,A-C,,,,Broadway Jct,"A,C",BROADWAY-ENY,ACJLZ,A51,40.678334,-73.905316,R103
59th St,NR,N-R,,,,59 St,"N,W,Q,R",59 ST,456NQRW,R41,40.641362,-74.017881,"R050,R051"
45th St,NR,N-R,,,,45 St,"N,W,R",45 ST,R,R39,40.648939,-74.010006,R232
36th St,DNR,D-N-R,,,,36 St,"D,N,W,Q,R",36 ST,DNR,R36,40.752039,-73.928781,R197
9th Ave,D,D,,,,9 Av,D,9 AV,D,B12,40.646291999999995,-73.994324,R368
53rd St,NR,N-R,,,,53 St,"N,W,R",53 ST,R,R40,40.645069,-74.014034,R233
Ft Hamilton Pkwy,D,D,,,,Fort Hamilton Pkwy,D,FT HAMILTON PKY,D,B13,40.640914,-73.994304,R369
25th St,DNR,D-N-R,,,,25 St,"D,N,W,R",25 ST,R,R35,40.660396999999996,-73.998091,"R278,R455"
Carroll St,FG,F-G,,,,Carroll St,"F,G",CARROLL ST,FG,F21,40.680303,-73.995048,R220
Spring St,ACE,A-C-E,,,,Spring St,"A,C,E",SPRING ST,CE,A33,40.726227,-74.003739,R282
181st St,A,A,181 St,A,"ES119,ES117,ES118,EL118,EL117,EL119",181 St,A,181 ST,A,A06,40.851695,-73.937969,R174
190th St,A,A,190 St,A,"EL120,EL115,EL116",190 St,A,190 ST,A,A05,40.859021999999996,-73.93418,R280
116th St,ABC,A-B-C,,,,116 St,"A,B,C",116 ST,BC,A16,40.805085,-73.954882,R333
125th St,ABCD,A-B-C-D,125 St,A/B/C/D,"EL142,EL143,EL144",125 St,"A,B,C,D",125 ST,ACBD,A15,40.811109,-73.952343,R102
Prince St,NQRW,N-Q-R-W,,,,Prince St,"N,W,Q,R",PRINCE ST,NRW,R22,40.724329,-73.997702,R086
8th St - NYU,NQRW,N-Q-R-W,,,,8 St - NYU,"N,W,Q,R",8 ST-NYU,NRW,R21,40.730328,-73.99262900000001,R085
Fulton St,23,2-3,,,,Fulton St,"2,3",FULTON ST,ACJZ2345,229,40.709416,-74.006571,"R002,R014"
Park Pl,23,2-3,Park Place,2/3,"ES302,ES301",Park Pl,"2,3",PARK PLACE,23ACE,228,40.713051,-74.008811,R029
Chambers St,123,1-2-3,Chambers St,1/2/3,"EL337,EL338,EL336",Chambers St,"1,2,3",CHAMBERS ST,123,137,40.715478000000004,-74.009266,R029
Hoyt St,23,2-3,,,,Hoyt St,"2,3",HOYT ST,23,233,40.690545,-73.985065,"R225,R456"
Borough Hall,23,2-3,,,,Borough Hall,"2,3",BOROUGH HALL,2345R,232,40.693219,-73.989998,R108
183rd St,4,4,,,,183 St,4,183 ST,4,408,40.858407,-73.903879,R275
Fordham Rd,4,4,Fordham Rd,4,"EL186,EL188,EL187",Fordham Rd,4,FORDHAM RD,4,407,40.862803,-73.901034,R119
World Trade Center,E,E,World Trade Center,E/R/W,"EL326,EL23X",World Trade Center,E,WORLD TRADE CTR,23ACE,E01,40.712582,-74.009781,R029
World Trade Center,E,E,World Trade Center,1/E/R/W,"EL326,EL23X",World Trade Center,E,WORLD TRADE CTR,23ACE,E01,40.712582,-74.009781,R029
World Trade Center,E,E,World Trade Center,1/E/R/W,"EL326,EL23X",World Trade Center,E,WORLD TRADE CTR,ACE23,E01,40.712582,-74.009781,R029
Canal St - Holland Tunnel,ACE,A-C-E,,,,Canal St,"A,C,E",CANAL ST,ACE,A34,40.720824,-74.005229,R139
155th St,AC,A-C,,,,155 St,"A,C",155 ST,C,A11,40.830518,-73.941514,R331
163rd St - Amsterdam Av,AC,A-C,,,,163 St - Amsterdam Av,"A,C",163 ST-AMSTERDM,C,A10,40.836013,-73.939892,R296
Fulton St,JZ,J-Z,,,,Fulton St,"J,Z",FULTON ST,ACJZ2345,M22,40.710374,-74.007582,"R002,R014"
Fulton St,JZ,J-Z,,,,Fulton St,"J,Z",FULTON ST,2345ACJZ,M22,40.710374,-74.007582,"R002,R014"
Chambers St,JZ,J-Z,Chambers St, ,"EL742,EL743",Chambers St,"J,Z",CHAMBERS ST,456JZ,M21,40.713243,-74.003401,R044
Chambers St,JZ,J-Z,Chambers St, ,"EL742,EL743",Chambers St,"J,Z",CHAMBERS ST,JZ456,M21,40.713243,-74.003401,R044
Canal St,JZ,J-Z,,,,Canal St,"J,Z",CANAL ST,JNQRZ6W,M20,40.718092,-73.999892,"R118,R462,R463"
City Hall,RW,R-W,,,,City Hall,"N,W,R",CITY HALL,NRW,R24,40.713282,-74.006978,R044
Canal St,RW,R-W,,,,Canal St,"N,W,R",CANAL ST,JNQRZ6W,R23,40.719527,-74.001775,"R118,R462,R463"
South Ferry,1,1,South Ferry,1,"EL731,ES373,ES369,ES370,ES375,ES372,ES371,ES374,EL730",South Ferry,1,SOUTH FERRY,R1,142,40.702068,-74.013664,R001
South Ferry,1,1,South Ferry,1,"EL731,ES373,ES369,ES370,ES375,ES372,ES371,ES374,EL730",South Ferry,1,SOUTH FERRY,1RW,142,40.702068,-74.013664,R001
Bowling Green,45,4-5,Bowling Green,4/5,"EL711,ES341,ES340,ES343,ES342,ES337,ES339,ES338,ES336,EL710,ES345",Bowling Green,"4,5,5X",BOWLING GREEN,45,420,40.704817,-74.014065,"R041,R042"
Wall St,45,4-5,,,,Wall St,"4,5,5X",WALL ST,45,419,40.707557,-74.011862,R043
Whitehall St,RW,R-W,Whitehall St - South Ferry,R/W,"ES351,ES312,ES311",Whitehall St - South Ferry,"N,W,R",WHITEHALL S-FRY,R1W,R27,40.703087,-74.01299399999999,R001
Whitehall St,RW,R-W,Whitehall St - South Ferry,R/W,"ES351,ES312,ES311",Whitehall St - South Ferry,"N,W,R",WHITEHALL S-FRY,1RW,R27,40.703087,-74.01299399999999,R001
Rector St,RW,R-W,,,,Rector St,"N,W,R",RECTOR ST,NRW,R26,40.70722,-74.01334200000001,R227
Fresh Pond Rd,M,M,,,,Fresh Pond Rd,M,FRESH POND RD,M,M04,40.706185999999995,-73.895877,R404
Middle Village - Metropolitan Ave,M,M,,,,Middle Village - Metropolitan Av,M,METROPOLITAN AV,M,M01,40.711396,-73.889601,R100
Rector St,1,1,,,,Rector St,1,RECTOR ST,1,139,40.707513,-74.01378299999999,R304
Cortlandt St,1,1,Cortlandt St,1/E/R/W,"EL18X,EL22X,EL16X,EL17X,EL14X,EL712,EL713,ES353,EL13X,EL736,EL12X,EL11X",Cortlandt St,1,WTC-CORTLANDT,1,138,40.711835,-74.012188,R305
Cortlandt St,1,1,WTC Cortlandt St,1/E/R/W,"EL18X,EL22X,EL16X,EL17X,EL14X,EL712,EL713,ES353,EL13X,EL736,EL12X,EL11X",Cortlandt St,1,WTC-CORTLANDT,1,138,40.711835,-74.012188,R305
Cortlandt St,1,1,WTC Cortlandt St,1,"EL18X,EL22X,EL16X,EL17X,EL14X,EL712,EL713,ES353,EL13X,EL736,EL12X,EL11X",Cortlandt St,1,WTC-CORTLANDT,1,138,40.711835,-74.012188,R305
Fulton St,45,4-5,,,,Fulton St,"4,5,5X",FULTON ST,ACJZ2345,418,40.710368,-74.009509,"R002,R014"
Broad St,JZ,J-Z,,,,Broad St,"J,Z",BROAD ST,JZ,M23,40.706476,-74.01105600000001,R125
Cortlandt St,RW,R-W,Cortlandt St,E/R/W,"EL726X,EL727X,ES380X",Cortlandt St,"N,W,R",CORTLANDT ST,NRW,R25,40.710668,-74.01102900000001,R088
Cortlandt St,RW,R-W,Cortlandt St,E/R/W,"EL726X,EL727X,ES380X",Cortlandt St,"N,W,R",CORTLANDT ST,RNW,R25,40.710668,-74.01102900000001,R088
Wall St,23,2-3,Wall St,2/3,"ES379X,ES378X",Wall St,"2,3",WALL ST,23,230,40.70682100000001,-74.0091,R027
Dyckman St,A,A,,,,Dyckman St,A,DYCKMAN ST,A,A03,40.865491,-73.92727099999999,R185
Grand St,BD,B-D,,,,Grand St,"B,D",GRAND ST,BD,D22,40.718267,-73.993753,R240
Broadway - Lafayette St,BDFM,B-D-F-M,Broadway-Lafayette/Bleecker St,6/B/D/F/M,"EL330,EL329,EL328,ES300,EL331,EL332",Broadway-Lafayette St,"B,D,F,FX,M",B'WAY-LAFAYETTE,BDFQ6,D21,40.725297,-73.996204,R461
Bowery,JZ,J-Z,Bowery,J/Z,ES334,Bowery,"J,Z",BOWERY,JZ,M19,40.720279999999995,-73.993915,R311
Canal St,NQ,N-Q,,,,Canal St,"N,Q",CANAL ST,JNQRZ6W,Q01,40.718383,-74.00046,"R118,R462,R463"
23rd St,ACE,A-C-E,,,,23 St,"A,C,E",23 ST,CE,A30,40.745906,-73.998041,R111
34th St - Penn Station,ACE,A-C-E,34 St - Penn,A/C/E,"EL225,EL227,EL228,EL226",34 St - Penn Station,"A,C,E",34 ST-PENN STA,123ACE,A28,40.752287,-73.993391,"R012,R013"
34th St - Penn Station,ACE,A-C-E,34 St - Penn,A/C/E,"EL225,EL227,EL228,EL226",34 St - Penn Station,"A,C,E",34 ST-PENN STA,ACE,A28,40.752287,-73.993391,"R012,R013"
Jackson Hts - Roosevelt Av,EFMR,E-F-M-R,Jackson Hts - Roosevelt Av,7/E/F/M/R,"ES449,ES453,ES452,ES451,ES450,EL422,EL421,EL420",Jackson Hts - Roosevelt Av,"E,F,FX,M,R",JKSN HT-ROOSVLT,EFMR7,G14,40.746644,-73.891338,R018
14th St,123,1-2-3,,,,14 St,"1,2,3",14 ST,123FLM,132,40.737826,-74.000201,R105
14th St,123,1-2-3,,,,14 St,"1,2,3",14 ST,FLM123,132,40.737826,-74.000201,R105
14th St,123,1-2-3,,,,14 St,"1,2,3",14TH STREET,1,132,40.737826,-74.000201,R105
135th St,ABC,A-B-C,,,,135 St,"A,B,C",135 ST,BC,A14,40.817894,-73.947649,R332
14th St,FM,F-M,,,,14 St,"F,FX,M",14 ST,123FLM,D19,40.738228,-73.996209,R105
6th Ave,L,L,,,,6 Av,L,6 AV,FLM123,L02,40.737334999999995,-73.996786,R163
8th Ave,L,L,8 Av - 14 St,A/C/E/L,EL224,8 Av,L,8 AVE,ACEL,L01,40.739777000000004,-74.002578,R175
14th St,ACE,A-C-E,14 St - 8 Av,A/C/E/L,"EL221,EL222,EL223",14 St,"A,C,E",14 ST,ACEL,A31,40.740893,-74.00169,R175
Nostrand Ave,34,3-4,,,,Nostrand Av,"2,3,4,5",NOSTRAND AV,3,248,40.669847,-73.950466,R061
Clark St,23,2-3,Clark St,2/3,"EL311,EL310,EL312",Clark St,"2,3",CLARK ST,23,231,40.697466,-73.993086,R224
Franklin Ave,AC,A-C,Franklin Av,C/S,"EL340,EL339,ES352",Franklin Av,"A,C",FRANKLIN AV,ACS,A45,40.68138,-73.956848,R297
Clinton - Washington Aves,AC,A-C,,,,Clinton - Washington Avs,"A,C",CLINTON-WASH AV,C,A44,40.683263000000004,-73.965838,R284
Forest Ave,M,M,,,,Forest Av,M,FOREST AVE,M,M05,40.704423,-73.903077,R403
110th St,46,4-6-6 Express,,,,110 St,"4,6,6X",110 ST,6,623,40.79502,-73.94425,R181
86th St,456,4-5-6-6 Express,86 St, ,"EL745,EL273,EL275,EL274",86 St,"4,5,5X,6,6X",86 ST,456,626,40.779492,-73.955589,R179
86th St,456,4-5-6-6 Express,86 St,6,"EL745,EL273,EL275,EL274",86 St,"4,5,5X,6,6X",86 ST,456,626,40.779492,-73.955589,R179
York St,F,F,,,,York St,"F,FX",YORK ST,F,F18,40.701397,-73.986751,R301
High St,AC,A-C,High St,A/C,"ES323,ES324,ES321,ES350,ES322",High St,"A,C",HIGH ST,AC,A40,40.699337,-73.990531,R252
Lafayette Ave,AC,A-C,,,,Lafayette Av,"A,C",LAFAYETTE AV,C,A43,40.686113,-73.973946,R283
President St,25,2-5,President St-Medgar Evers College,2/5,ES304,President St,"2,5,5X",PRESIDENT ST,25,241,40.667883,-73.950683,R277
Woodlawn,4,4,,,,Woodlawn,4,WOODLAWN,4,401,40.886037,-73.878751,R052
Bleecker St,46,4-6-6 Express,,,,Bleecker St,"4,6,6X",BLEECKER ST,6DF,637,40.725915,-73.994659,R194
103rd St,46,4-6-6 Express,,,,103 St,"4,6,6X",103 ST,6,624,40.7906,-73.947478,R180
Euclid Ave,ACS,A-C-S,Euclid Av,A/C,"EL341,EL343,EL342",Euclid Av,"A,C",EUCLID AV,AC,A55,40.67537700000001,-73.872106,R200
88th St,AS,A-S,,,,88 St,A,88 ST,A,A60,40.679843,-73.85146999999999,R384
Cortelyou Rd,Q,Q,,,,Cortelyou Rd,Q,CORTELYOU RD,BQ,D30,40.64092700000001,-73.963891,R184
116th St,46,4-6-6 Express,,,,116 St,"4,6,6X",116 ST,6,622,40.798629,-73.94161700000001,R182
Parkchester,6,6-6 Express,Parkchester,6,ES111,Parkchester,"6,6X",PARKCHESTER,6,608,40.833226,-73.860816,R222
Franklin St,12,1-2,,,,Franklin St,"1,2",FRANKLIN ST,1,136,40.719318,-74.006886,R343
80th St,AS,A-S,,,,80 St,A,80 ST,A,A59,40.679371,-73.858992,R383
5th Ave - Bryant Pk,7,7-7 Express,,,,5 Av,"7,7X",5 AVE,7BDFM,724,40.753821,-73.98196300000001,R054
Spring St,46,4-6-6 Express,,,,Spring St,"4,6,6X",SPRING ST,6,638,40.722301,-73.997141,R322
125th St,456,4-5-6-6 Express,125 St,4/5/6,"EL125,EL126",125 St,"4,5,5X,6,6X",125 ST,456,621,40.804138,-73.93759399999999,R132
Coney Island - Stillwell Av,DFNQ,D-F-N-Q,Coney Island Stillwell Av,D/F/N/Q,"EL702,EL701",Coney Island - Stillwell Av,"D,F,FX,N,Q",CONEY IS-STILLW,DFNQ,D43,40.577422,-73.98123299999999,R151
34th St - Hudson Yards,7,7-7 Express,34 St - Hudson Yards,7,"EL603,ES636,ES623,ES635,ES622,ES621,ES625,ES633,ES634,ES624,EL600,EL602,EL601,ES632,ES629,ES628,ES630,ES631,ES627,ES626",34 St - Hudson Yds,"7,7X",34 ST-HUDSON YD,7,726,40.755882,-74.00191,R072
72nd St,Q,Q,72 St / 2 Av,Q,"EL264,EL265,EL266,EL267,EL262,ES291,EL259,ES288,ES289,ES290,ES294,ES296,ES295,ES287,ES286,ES285",72 St,"M,N,Q,R",72 ST-2 AVE,Q,Q03,40.768799,-73.958424,R570
86th St,Q,Q,86 St / 2 Av,Q,"EL250,ES279,ES280,ES281,EL249,ES276,ES278,ES277,ES283,ES284,ES282,ES297,ES275,ES274,ES273",86 St,"M,N,Q,R",86 ST-2 AVE,Q,Q04,40.592721000000004,-73.97823000000001,R571
96th St,Q,Q,96 St / 2 Av,Q,"EL248,EL247,ES270,ES260,ES259,ES271,ES272,ES247,ES220,ES200,ES202",96 St,"M,N,Q,R",96 ST-2 AVE,Q,Q05,40.784318,-73.947152,R572
145th St,ABCD,A-B-C-D,145 St,A/B/C/D,"ES116,ES115",145 St,"A,B,C",145 ST,ABCD,D13,40.824783000000004,-73.944216,R101
Coney Island - Stillwell Av,DFNQ,D-F-N-Q,Coney Island Stillwell Av,D/F/N/Q,"EL702,EL701",Coney Island - Stillwell Av,"D,F,FX,N,Q",CONEY IS-STILLW,DFNQ,N12,40.577422,-73.98123299999999,R151
Queensboro Plz,7NW,7-7 Express-N-W,,,,Queensboro Plaza,"N,W",QUEENSBORO PLZ,7NQW,R09,40.750582,-73.940202,R121
149th St - Grand Concourse,4,4,,,,149 St - Grand Concourse,4,149/GRAND CONC,245,415,40.818375,-73.927351,R205
161st St - Yankee Stadium,4,4,161 St - Yankee Stadium,4/B/D,"ES114,ES113,EL134,EL133,EL135,EL132,EL131",161 St - Yankee Stadium,4,161/YANKEE STAD,4BD,414,40.827994,-73.925831,R195
168th St,1,1,168 St,1,"EL112,EL111,EL113,EL114",168 St - Washington Hts,1,168 ST,1AC,112,40.74104000000001,-73.99787099999999,R035
4th Av - 9th St,DNR,D-N-R,,,,4 Av - 9 St,"D,N,W,R",4 AV-9 ST,DFGMNR,R33,40.670846999999995,-73.988302,R258
Grand Central - 42nd St,456,4-5-6-6 Express,42 St - Grand Central,4/5/6/7,"EL204,ES207,ES209,ES610X,ES203,ES204,ES206,ES205,ES210,ES208,EL244,EL205,EL206,EL296,ES609X,ES608X,ES256,ES255",Grand Central - 42 St,"4,5,5X,6,6X",GRD CNTRL-42 ST,4567S,631,40.751776,-73.976848,"R045,R046,R047,R048"
Grand Central - 42nd St,S,S,,,,Grand Central - 42 St,S,GRD CNTRL-42 ST,4567S,901,40.752769,-73.979189,"R045,R046,R047,R048"
Times Sq - 42nd St,7,7-7 Express,,,,Times Sq - 42 St,"7,7X",TIMES SQ-42 ST,1237ACENQRS,725,40.755477,-73.987691,"R032,R033"
Atlantic Av - Barclay's Center,BQ,B-Q,,,,Atlantic Av - Barclays Ctr,"B,Q",ATL AV-BARCLAY,2345BDNQR,D24,40.684459999999994,-73.97689,R057
Atlantic Av - Barclay's Center,DNQR,D-N-Q-R,,,,Atlantic Av - Barclays Ctr,"D,N,W,Q,R",ATL AV-BARCLAY,2345BDNQR,R31,40.684459999999994,-73.97689,R057
Broadway Junction,JZ,J-Z,Broadway Junction,A/C/J/L/Z/LIRR,"ES347,ES331,ES330",Broadway Jct,"J,Z",BROADWAY JCT,ACJLZ,J27,40.679497999999995,-73.904512,R103
Broadway Junction,AC,A-C,,,,Broadway Jct,"A,C",BROADWAY JCT,ACJLZ,A51,40.678334,-73.905316,R103
Delancey St - Essex St,JMZ,J-M-Z,Delancey St Essex St,F/J/M/Z,"ES327,ES328",Delancy St - Essex St,"J,Z,M",DELANCEY/ESSEX,FJMZ,M18,40.718315000000004,-73.987437,R142
Franklin Ave,2345,2-3-4-5,,,,Franklin Av,"2,3,4,5,5X",FRANKLIN AV,2345S,239,40.670682,-73.95813100000001,R123
Lexington Ave - 59th St,456,4-5-6-6 Express,59 St,4/5/6,"ES213,ES211,ES214,ES212",59 St,"4,5,5X,6,6X",59 ST,456NQRW,629,40.762526,-73.967967,"R050,R051"
Myrtle - Wyckoff Aves,M,M,,,,Myrtle - Wyckoff Avs,M,MYRTLE-WYCKOFF,LM,M08,40.69943,-73.912385,R137
62nd St,D,D,62 St / New Utrecht,D/N,"EL740,EL741,EL738,EL739",62 St,D,NEW UTRECHT AV,ND,B16,40.626472,-73.996895,R398
