stop_id,order,route_id,station,id,LINENAME,line
101S,1,1,Van Cortlandt Park - 242 St,V.CORTLANDT PK,1,1
103S,2,1,238 St,238 ST,1,1
104S,3,1,231 St,231 ST,1,1
106S,4,1,Marble Hill - 225 St,MARBLE HILL-225,1,1
107S,5,1,215 St,215 ST,1,1
108S,6,1,207 St,207 ST,1,1
109S,7,1,Dyckman St,DYCKMAN ST,1,1
110S,8,1,191 St,191 ST,1,1
111S,9,1,181 St,181 ST,1,1
112S,10,1,168 St - Washington Hts,168 ST,1AC,1
113S,11,1,157 St,157 ST,1,1
114S,12,1,145 St,145 ST,1,1
115S,13,1,137 St - City College,137 ST CITY COL,1,1
116S,14,1,125 St,125 ST,1,1
117S,15,1,116 St - Columbia University,116 ST-COLUMBIA,1,1
118S,16,1,Cathedral Pkwy (110 St),CATHEDRAL PKWY,1,1
119S,17,1,103 St,103 ST,1,1
120S,18,1,96 St,96 ST,123,1
121S,19,1,86 St,86 ST,1,1
122S,20,1,79 St,79 ST,1,1
123S,21,1,72 St,72 ST,123,1
124S,22,1,66 St - Lincoln Center,66 ST-LINCOLN,1,1
125S,23,1,59 St - Columbus Circle,59 ST COLUMBUS,1ABCD,1
126S,24,1,50 St,50 ST,1,1
127S,25,1,Times Sq - 42 St,TIMES SQ-42 ST,1237ACENQRS,1
128S,26,1,34 St - Penn Station,34 ST-PENN STA,123,1
129S,27,1,28 St,28 ST,1,1
130S,28,1,23 St,23 ST,1,1
131S,29,1,18 St,18 ST,1,1
132S,30,1,14 St,14 ST,123FLM,1
133S,31,1,Christopher St - Sheridan Sq,CHRISTOPHER ST,1,1
134S,32,1,Houston St,HOUSTON ST,1,1
135S,33,1,Canal St,CANAL ST,1,1
136S,34,1,Franklin St,FRANKLIN ST,1,1
137S,35,1,Chambers St,CHAMBERS ST,123,1
138S,36,1,Cortlandt St,WTC-CORTLANDT,1,1
139S,37,1,Rector St,RECTOR ST,1,1
142S,38,1,South Ferry,SOUTH FERRY,1RW,1
201S,1,2,Wakefield - 241 St,WAKEFIELD/241,2,2
204S,2,2,Nereid Av,NEREID AV,25,2
205S,3,2,233 St,233 ST,25,2
206S,4,2,225 St,225 ST,25,2
207S,5,2,219 St,219 ST,25,2
208S,6,2,Gun Hill Rd,GUN HILL RD,25,2
209S,7,2,Burke Av,BURKE AV,25,2
210S,8,2,Allerton Av,ALLERTON AV,25,2
211S,9,2,Pelham Pkwy,PELHAM PKWY,25,2
212S,10,2,Bronx Park East,BRONX PARK EAST,25,2
213S,11,2,E 180 St,E 180 ST,25,2
214S,12,2,West Farms Sq - E Tremont Av,WEST FARMS SQ,25,2
215S,13,2,174 St,174 ST,25,2
216S,14,2,Freeman St,FREEMAN ST,25,2
217S,15,2,Simpson St,SIMPSON ST,25,2
218S,16,2,Intervale Av,INTERVALE AV,25,2
219S,17,2,Prospect Av,PROSPECT AV,25,2
220S,18,2,Jackson Av,JACKSON AV,25,2
221S,19,2,3 Av - 149 St,3 AV-149 ST,25,2
222S,20,2,149 St - Grand Concourse,149/GRAND CONC,245,2
224S,21,2,135 St,135 ST,23,2
225S,22,2,125 St,125 ST,23,2
226S,23,2,116 St,116 ST,23,2
227S,24,2,Central Park North (110 St),CENTRAL PK N110,23,2
120S,25,2,96 St,96 ST,123,2
123S,26,2,72 St,72 ST,123,2
127S,27,2,Times Sq - 42 St,TIMES SQ-42 ST,1237ACENQRS,2
128S,28,2,34 St - Penn Station,34 ST-PENN STA,123,2
132S,29,2,14 St,14 ST,123FLM,2
137S,30,2,Chambers St,CHAMBERS ST,123,2
228S,31,2,Park Pl,PARK PLACE,23ACE,2
229S,32,2,Fulton St,FULTON ST,ACJZ2345,2
230S,33,2,Wall St,WALL ST,23,2
231S,34,2,Clark St,CLARK ST,23,2
232S,35,2,Borough Hall,BOROUGH HALL,2345R,2
233S,36,2,Hoyt St,HOYT ST,23,2
234S,37,2,Nevins St,NEVINS ST,2345,2
235S,38,2,Atlantic Av - Barclays Ctr,ATL AV-BARCLAY,2345BDNQR,2
236S,39,2,Bergen St,BERGEN ST,23,2
237S,40,2,Grand Army Plaza,GRAND ARMY PLAZ,23,2
238S,41,2,Eastern Pkwy - Brooklyn Museum,EASTN PKWY-MUSM,23,2
239S,42,2,Franklin Av,FRANKLIN AV,2345S,2
241S,43,2,President St,PRESIDENT ST,25,2
242S,44,2,Sterling St,STERLING ST,25,2
243S,45,2,Winthrop St,WINTHROP ST,25,2
244S,46,2,Church Av,CHURCH AV,25,2
245S,47,2,Beverly Rd,BEVERLY RD,25,2
246S,48,2,Newkirk Av,NEWKIRK AV,25,2
247S,49,2,Flatbush Av - Brooklyn College,FLATBUSH AV-B.C,25,2
301S,1,3,Harlem - 148 St,HARLEM 148 ST,3,3
302S,2,3,145 St,145 ST,3,3
224S,3,3,135 St,135 ST,23,3
225S,4,3,125 St,125 ST,23,3
226S,5,3,116 St,116 ST,23,3
227S,6,3,Central Park North (110 St),CENTRAL PK N110,23,3
120S,7,3,96 St,96 ST,123,3
123S,8,3,72 St,72 ST,123,3
127S,9,3,Times Sq - 42 St,TIMES SQ-42 ST,1237ACENQRS,3
128S,10,3,34 St - Penn Station,34 ST-PENN STA,123,3
132S,11,3,14 St,14 ST,123FLM,3
137S,12,3,Chambers St,CHAMBERS ST,123,3
228S,13,3,Park Pl,PARK PLACE,23ACE,3
229S,14,3,Fulton St,FULTON ST,ACJZ2345,3
230S,15,3,Wall St,WALL ST,23,3
231S,16,3,Clark St,CLARK ST,23,3
232S,17,3,Borough Hall,BOROUGH HALL,2345R,3
233S,18,3,Hoyt St,HOYT ST,23,3
234S,19,3,Nevins St,NEVINS ST,2345,3
235S,20,3,Atlantic Av - Barclays Ctr,ATL AV-BARCLAY,2345BDNQR,3
236S,21,3,Bergen St,BERGEN ST,23,3
237S,22,3,Grand Army Plaza,GRAND ARMY PLAZ,23,3
238S,23,3,Eastern Pkwy - Brooklyn Museum,EASTN PKWY-MUSM,23,3
239S,24,3,Franklin Av,FRANKLIN AV,2345S,3
248S,25,3,Nostrand Av,NOSTRAND AV,3,3
249S,26,3,Kingston Av,KINGSTON AV,3,3
250S,27,3,Crown Hts - Utica Av,CROWN HTS-UTICA,34,3
251S,28,3,Sutter Av - Rutland Rd,SUTTER AV-RUTLD,3,3
252S,29,3,Saratoga Av,SARATOGA AV,3,3
253S,30,3,Rockaway Av,ROCKAWAY AV,3,3
254S,31,3,Junius St,JUNIUS ST,3,3
255S,32,3,Pennsylvania Av,PENNSYLVANIA AV,3,3
256S,33,3,Van Siclen Av,VAN SICLEN AV,3,3
257S,34,3,New Lots Av,NEW LOTS AV,3,3
401S,1,4,Woodlawn,WOODLAWN,4,4
402S,2,4,Mosholu Pkwy,MOSHOLU PKWY,4,4
405S,3,4,Bedford Park Blvd - Lehman College,BEDFORD PK BLVD,4,4
406S,4,4,Kingsbridge Rd,KINGSBRIDGE RD,4,4
407S,5,4,Fordham Rd,FORDHAM RD,4,4
408S,6,4,183 St,183 ST,4,4
409S,7,4,Burnside Av,BURNSIDE AV,4,4
410S,8,4,176 St,176 ST,4,4
411S,9,4,Mt Eden Av,MT EDEN AV,4,4
412S,10,4,170 St,170 ST,4,4
413S,11,4,167 St,167 ST,4,4
414S,12,4,161 St - Yankee Stadium,161/YANKEE STAD,4BD,4
415S,13,4,149 St - Grand Concourse,149/GRAND CONC,245,4
416S,14,4,138 St - Grand Concourse,138/GRAND CONC,45,4
621S,15,4,125 St,125 ST,456,4
626S,16,4,86 St,86 ST,456,4
629S,17,4,59 St,59 ST,456NQRW,4
631S,18,4,Grand Central - 42 St,GRD CNTRL-42 ST,4567S,4
635S,19,4,14 St - Union Sq,14 ST-UNION SQ,LNQR456W,4
640S,20,4,Brooklyn Bridge - City Hall,BROOKLYN BRIDGE,456JZ,4
418S,21,4,Fulton St,FULTON ST,ACJZ2345,4
419S,22,4,Wall St,WALL ST,45,4
420S,23,4,Bowling Green,BOWLING GREEN,45,4
423S,24,4,Borough Hall,BOROUGH HALL,2345R,4
234S,25,4,Nevins St,NEVINS ST,2345,4
235S,26,4,Atlantic Av - Barclays Ctr,ATL AV-BARCLAY,2345BDNQR,4
239S,27,4,Franklin Av,FRANKLIN AV,2345S,4
250S,28,4,Crown Hts - Utica Av,CROWN HTS-UTICA,34,4
501S,1,5,Eastchester - Dyre Av,EASTCHSTER/DYRE,5,5
502S,2,5,Baychester Av,BAYCHESTER AV,5,5
503S,3,5,Gun Hill Rd,GUN HILL RD,25,5
504S,4,5,Pelham Pkwy,PELHAM PKWY,25,5
505S,5,5,Morris Park,MORRIS PARK,5,5
213S,6,5,E 180 St,E 180 ST,25,5
214S,7,5,West Farms Sq - E Tremont Av,WEST FARMS SQ,25,5
215S,8,5,174 St,174 ST,25,5
216S,9,5,Freeman St,FREEMAN ST,25,5
217S,10,5,Simpson St,SIMPSON ST,25,5
218S,11,5,Intervale Av,INTERVALE AV,25,5
219S,12,5,Prospect Av,PROSPECT AV,25,5
220S,13,5,Jackson Av,JACKSON AV,25,5
221S,14,5,3 Av - 149 St,3 AV-149 ST,25,5
222S,15,5,149 St - Grand Concourse,149/GRAND CONC,245,5
416S,16,5,138 St - Grand Concourse,138/GRAND CONC,45,5
621S,17,5,125 St,125 ST,456,5
626S,18,5,86 St,86 ST,456,5
629S,19,5,59 St,59 ST,456NQRW,5
631S,20,5,Grand Central - 42 St,GRD CNTRL-42 ST,4567S,5
635S,21,5,14 St - Union Sq,14 ST-UNION SQ,LNQR456W,5
640S,22,5,Brooklyn Bridge - City Hall,BROOKLYN BRIDGE,456JZ,5
418S,23,5,Fulton St,FULTON ST,ACJZ2345,5
419S,24,5,Wall St,WALL ST,45,5
420S,25,5,Bowling Green,BOWLING GREEN,45,5
423S,26,5,Borough Hall,BOROUGH HALL,2345R,5
234S,27,5,Nevins St,NEVINS ST,2345,5
235S,28,5,Atlantic Av - Barclays Ctr,ATL AV-BARCLAY,2345BDNQR,5
239S,29,5,Franklin Av,FRANKLIN AV,2345S,5
241S,30,5,President St,PRESIDENT ST,25,5
242S,31,5,Sterling St,STERLING ST,25,5
243S,32,5,Winthrop St,WINTHROP ST,25,5
244S,33,5,Church Av,CHURCH AV,25,5
245S,34,5,Beverly Rd,BEVERLY RD,25,5
246S,35,5,Newkirk Av,NEWKIRK AV,25,5
247S,36,5,Flatbush Av - Brooklyn College,FLATBUSH AV-B.C,25,5
601S,1,6,Pelham Bay Park,PELHAM BAY PARK,6,6
602S,2,6,Buhre Av,BUHRE AV,6,6
603S,3,6,Middletown Rd,MIDDLETOWN RD,6,6
604S,4,6,Westchester Sq - E Tremont Av,WESTCHESTER SQ,6,6
606S,5,6,Zerega Av,ZEREGA AV,6,6
607S,6,6,Castle Hill Av,CASTLE HILL AV,6,6
608S,7,6,Parkchester,PARKCHESTER,6,6
609S,8,6,St Lawrence Av,ST LAWRENCE AV,6,6
610S,9,6,Morrison Av- Sound View,MORISN AV/SNDVW,6,6
611S,10,6,Elder Av,ELDER AV,6,6
612S,11,6,Whitlock Av,WHITLOCK AV,6,6
613S,12,6,Hunts Point Av,HUNTS POINT AV,6,6
614S,13,6,Longwood Av,LONGWOOD AV,6,6
615S,14,6,E 149 St,E 149 ST,6,6
616S,15,6,E 143 St - St Mary's St,E 143/ST MARY'S,6,6
617S,16,6,Cypress Av,CYPRESS AV,6,6
618S,17,6,Brook Av,BROOK AV,6,6
619S,18,6,3 Av - 138 St,3 AV 138 ST,6,6
621S,19,6,125 St,125 ST,456,6
622S,20,6,116 St,116 ST,6,6
623S,21,6,110 St,110 ST,6,6
624S,22,6,103 St,103 ST,6,6
625S,23,6,96 St,96 ST,6,6
626S,24,6,86 St,86 ST,456,6
627S,25,6,77 St,77 ST,6,6
628S,26,6,68 St - Hunter College,68ST-HUNTER CO,6,6
629S,27,6,59 St,59 ST,456NQRW,6
630S,28,6,51 St,51 ST,6,6
631S,29,6,Grand Central - 42 St,GRD CNTRL-42 ST,4567S,6
632S,30,6,33 St,33 ST,6,6
633S,31,6,28 St,28 ST,6,6
634S,32,6,23 St,23 ST,6,6
635S,33,6,14 St - Union Sq,14 ST-UNION SQ,LNQR456W,6
636S,34,6,Astor Pl,ASTOR PL,6,6
637S,35,6,Bleecker St,BLEECKER ST,6DF,6
638S,36,6,Spring St,SPRING ST,6,6
639S,37,6,Canal St,CANAL ST,JNQRZ6W,6
640S,38,6,Brooklyn Bridge - City Hall,BROOKLYN BRIDGE,456JZ,6
701S,1,7,Flushing - Main St,FLUSHING-MAIN,7,7
702S,2,7,Mets - Willets Point,METS-WILLETS PT,7,7
705S,3,7,111 St,111 ST,7,7
706S,4,7,103 St - Corona Plaza,103 ST-CORONA,7,7
707S,5,7,Junction Blvd,JUNCTION BLVD,7,7
708S,6,7,90 St - Elmhurst Av,90 ST-ELMHURST,7,7
709S,7,7,82 St - Jackson Hts,82 ST-JACKSON H,7,7
710S,8,7,74 St - Broadway,74 ST-BROADWAY,7EFMR,7
711S,9,7,69 St,69 ST,7,7
712S,10,7,Woodside - 61 St,61 ST WOODSIDE,7,7
713S,11,7,52 St,52 ST,7,7
714S,12,7,46 St - Bliss St,46 ST BLISS ST,7,7
715S,13,7,40 St - Lowery St,40 ST LOWERY ST,7,7
716S,14,7,33 St - Rawson St,33 ST-RAWSON ST,7,7
718S,15,7,Queensboro Plaza,QUEENSBORO PLZ,7NQW,7
719S,16,7,Court Sq,COURT SQ,7,7
720S,17,7,Hunters Point Av,HUNTERS PT AV,7,7
721S,18,7,Vernon Blvd - Jackson Av,VERNON-JACKSON,7,7
723S,19,7,Grand Central - 42 St,GRD CNTRL-42 ST,4567S,7
724S,20,7,5 Av,5 AVE,7BDFM,7
725S,21,7,Times Sq - 42 St,TIMES SQ-42 ST,1237ACENQRS,7
726S,22,7,34 St - Hudson Yds,34 ST-HUDSON YD,7,7
A02S,1,A,Inwood - 207 St,INWOOD-207 ST,A,A
A03S,2,A,Dyckman St,DYCKMAN ST,A,A
A05S,3,A,190 St,190 ST,A,A
A06S,4,A,181 St,181 ST,A,A
A07S,5,A,175 St,175 ST,A,A
A09S,6,A,168 St,168 ST,1AC,A
A12S,7,A,145 St,145 ST,ABCD,A
A15S,8,A,125 St,125 ST,ACBD,A
A24S,9,A,59 St - Columbus Circle,59 ST COLUMBUS,1ABCD,A
A27S,10,A,42 St - Port Authority Bus Terminal,42 ST-PORT AUTH,ACENGRS1237W,A
A28S,11,A,34 St - Penn Station,34 ST-PENN STA,123ACE,A
A31S,12,A,14 St,14 ST,ACEL,A
A32S,13,A,W 4 St - Wash Sq,W 4 ST-WASH SQ,ABCDEFM,A
A34S,14,A,Canal St,CANAL ST,ACE,A
A36S,15,A,Chambers St,CHAMBERS ST,ACE23,A
A38S,16,A,Fulton St,FULTON ST,ACJZ2345,A
A40S,17,A,High St,HIGH ST,AC,A
A41S,18,A,Jay St - MetroTech,JAY ST-METROTEC,ACF,A
A42S,19,A,Hoyt - Schermerhorn Sts,HOYT-SCHER,ACG,A
A46S,20,A,Nostrand Av,NOSTRAND AV,AC,A
A48S,21,A,Utica Av,UTICA AV,AC,A
A51S,22,A,Broadway Jct,BROADWAY JCT,ACJLZ,A
A55S,23,A,Euclid Av,EUCLID AV,AC,A
A57S,24,A,Grant Av,GRANT AV,A,A
A59S,25,A,80 St,80 ST,A,A
A60S,26,A,88 St,88 ST,A,A
A61S,27,A,Rockaway Blvd,ROCKAWAY BLVD,A,A
A63S,28,A,104 St,104 ST,A,A
H02S,28,A,Aqueduct - N Conduit Av,AQUEDUCT N.COND,A,A
A64S,29,A,111 St,111 ST,A,A
H03S,29,A,Howard Beach - JFK Airport,HOWARD BCH JFK,A,A
A65S,30,A,Ozone Park - Lefferts Blvd,OZONE PK LEFFRT,A,A
H04S,30,A,Broad Channel,BROAD CHANNEL,AS,A
H06S,31,A,Beach 67 St,BEACH 67 ST,A,A
H07S,32,A,Beach 60 St,BEACH 60 ST,A,A
H08S,33,A,Beach 44 St,BEACH 44 ST,A,A
H09S,34,A,Beach 36 St,BEACH 36 ST,A,A
H10S,35,A,Beach 25 St,BEACH 25 ST,A,A
H11S,36,A,Far Rockaway - Mott Av,FAR ROCKAWAY,A,A
D13S,1,B,145 St,145 ST,ABCD,B
A14S,2,B,135 St,135 ST,BC,B
A15S,3,B,125 St,125 ST,ACBD,B
A16S,4,B,116 St,116 ST,BC,B
A17S,5,B,Cathedral Pkwy (110 St),CATHEDRAL PKWY,BC,B
A18S,6,B,103 St,103 ST,BC,B
A19S,7,B,96 St,96 ST,BC,B
A20S,8,B,86 St,86 ST,BC,B
A21S,9,B,81 St - Museum of Natural History,81 ST-MUSEUM,BC,B
A22S,10,B,72 St,72 ST,BC,B
A24S,11,B,59 St - Columbus Circle,59 ST COLUMBUS,1ABCD,B
D14S,12,B,7 Av,7 AV,BDE,B
D15S,13,B,47-50 Sts - Rockefeller Ctr,47-50 STS ROCK,BDFM,B
D16S,14,B,42 St - Bryant Pk,42 ST-BRYANT PK,BDFM7,B
D17S,15,B,34 St - Herald Sq,34 ST-HERALD SQ,BDFMNQRW,B
D20S,16,B,W 4 St - Wash Sq,W 4 ST-WASH SQ,ABCDEFM,B
D21S,17,B,Broadway-Lafayette St,B'WAY-LAFAYETTE,BDFQ6,B
D22S,18,B,Grand St,GRAND ST,BD,B
R30S,19,B,DeKalb Av,DEKALB AV,BDNQR,B
D24S,20,B,Atlantic Av - Barclays Ctr,ATL AV-BARCLAY,2345BDNQR,B
D25S,21,B,7 Av,7 AV,BDE,B
D26S,22,B,Prospect Park,PROSPECT PARK,BQS,B
D28S,23,B,Church Av,CHURCH AV,BQ,B
D31S,24,B,Newkirk Plaza,NEWKIRK PLAZA,BQ,B
D35S,25,B,Kings Hwy,KINGS HWY,BQ,B
D39S,26,B,Sheepshead Bay,SHEEPSHEAD BAY,BQ,B
D40S,27,B,Brighton Beach,BRIGHTON BEACH,BQ,B
A09S,1,C,168 St,168 ST,1AC,C
A10S,2,C,163 St - Amsterdam Av,163 ST-AMSTERDM,C,C
A11S,3,C,155 St,155 ST,C,C
A12S,4,C,145 St,145 ST,ABCD,C
A14S,5,C,135 St,135 ST,BC,C
A15S,6,C,125 St,125 ST,ACBD,C
A16S,7,C,116 St,116 ST,BC,C
A17S,8,C,Cathedral Pkwy (110 St),CATHEDRAL PKWY,BC,C
A18S,9,C,103 St,103 ST,BC,C
A19S,10,C,96 St,96 ST,BC,C
A20S,11,C,86 St,86 ST,BC,C
A21S,12,C,81 St - Museum of Natural History,81 ST-MUSEUM,BC,C
A22S,13,C,72 St,72 ST,BC,C
A24S,14,C,59 St - Columbus Circle,59 ST COLUMBUS,1ABCD,C
A25S,15,C,50 St,50 ST,CE,C
A27S,16,C,42 St - Port Authority Bus Terminal,42 ST-PORT AUTH,ACENGRS1237W,C
A28S,17,C,34 St - Penn Station,34 ST-PENN STA,123ACE,C
A30S,18,C,23 St,23 ST,CE,C
A31S,19,C,14 St,14 ST,ACEL,C
A32S,20,C,W 4 St - Wash Sq,W 4 ST-WASH SQ,ABCDEFM,C
A33S,21,C,Spring St,SPRING ST,CE,C
A34S,22,C,Canal St,CANAL ST,ACE,C
A36S,23,C,Chambers St,CHAMBERS ST,ACE23,C
A38S,24,C,Fulton St,FULTON ST,ACJZ2345,C
A40S,25,C,High St,HIGH ST,AC,C
A41S,26,C,Jay St - MetroTech,JAY ST-METROTEC,ACF,C
A42S,27,C,Hoyt - Schermerhorn Sts,HOYT-SCHER,ACG,C
A43S,28,C,Lafayette Av,LAFAYETTE AV,C,C
A44S,29,C,Clinton - Washington Avs,CLINTON-WASH AV,C,C
A45S,30,C,Franklin Av,FRANKLIN AV,ACS,C
A46S,31,C,Nostrand Av,NOSTRAND AV,AC,C
A47S,32,C,Kingston - Throop Avs,KINGSTON-THROOP,C,C
A48S,33,C,Utica Av,UTICA AV,AC,C
A49S,34,C,Ralph Av,RALPH AV,C,C
A50S,35,C,Rockaway Av,ROCKAWAY AV,C,C
A51S,36,C,Broadway Jct,BROADWAY JCT,ACJLZ,C
A52S,37,C,Liberty Av,LIBERTY AV,C,C
A53S,38,C,Van Siclen Av,VAN SICLEN AVE,C,C
A54S,39,C,Shepherd Av,SHEPHERD AV,C,C
A55S,40,C,Euclid Av,EUCLID AV,AC,C
D01S,1,D,Norwood - 205 St,NORWOOD 205 ST,D,D
D03S,2,D,Bedford Park Blvd,BEDFORD PK BLVD,BD,D
D04S,3,D,Kingsbridge Rd,KINGSBRIDGE RD,BD,D
D05S,4,D,Fordham Rd,FORDHAM RD,BD,D
D06S,5,D,182-183 Sts,182-183 STS,BD,D
D07S,6,D,Tremont Av,TREMONT AV,BD,D
D08S,7,D,174-175 Sts,174-175 STS,BD,D
D09S,8,D,170 St,170 ST,BD,D
D10S,9,D,167 St,167 ST,BD,D
D11S,10,D,161 St - Yankee Stadium,161/YANKEE STAD,4BD,D
D12S,11,D,155 St,155 ST,BD,D
D13S,12,D,145 St,145 ST,ABCD,D
A15S,13,D,125 St,125 ST,ACBD,D
A24S,14,D,59 St - Columbus Circle,59 ST COLUMBUS,1ABCD,D
D14S,15,D,7 Av,7 AV,BDE,D
D15S,16,D,47-50 Sts - Rockefeller Ctr,47-50 STS ROCK,BDFM,D
D16S,17,D,42 St - Bryant Pk,42 ST-BRYANT PK,BDFM7,D
D17S,18,D,34 St - Herald Sq,34 ST-HERALD SQ,BDFMNQRW,D
D20S,19,D,W 4 St - Wash Sq,W 4 ST-WASH SQ,ABCDEFM,D
D21S,20,D,Broadway-Lafayette St,B'WAY-LAFAYETTE,BDFQ6,D
D22S,21,D,Grand St,GRAND ST,BD,D
R31S,22,D,Atlantic Av - Barclays Ctr,ATL AV-BARCLAY,2345BDNQR,D
R36S,23,D,36 St,36 ST,DNR,D
B12S,24,D,9 Av,9 AV,D,D
B13S,25,D,Fort Hamilton Pkwy,FT HAMILTON PKY,D,D
B14S,26,D,50 St,50 ST,D,D
B15S,27,D,55 St,55 ST,D,D
B16S,28,D,62 St,NEW UTRECHT AV,ND,D
B17S,29,D,71 St,71 ST,D,D
B18S,30,D,79 St,79 ST,D,D
B19S,31,D,18 Av,18 AV,D,D
B20S,32,D,20 Av,20 AV,D,D
B21S,33,D,Bay Pkwy,BAY PKWY,D,D
B22S,34,D,25 Av,25 AV,D,D
B23S,35,D,Bay 50 St,BAY 50 ST,D,D
D43S,36,D,Coney Island - Stillwell Av,CONEY IS-STILLW,DFNQ,D
G05S,1,E,Jamaica Center - Parsons/Archer,JAMAICA CENTER,EJZ,E
G06S,2,E,Sutphin Blvd - Archer Av - JFK Airport,SUTPHIN-ARCHER,EJZ,E
G07S,3,E,Jamaica - Van Wyck,JAMAICA VAN WK,E,E
F05S,4,E,Briarwood,BRIARWOOD,EF,E
F06S,5,E,Kew Gardens - Union Tpke,KEW GARDENS,EF,E
F07S,6,E,75 Av,75 AV,EF,E
G08S,7,E,Forest Hills - 71 Av,FOREST HILLS 71,EFMR,E
G14S,8,E,Jackson Hts - Roosevelt Av,JKSN HT-ROOSVLT,EFMR7,E
G21S,9,E,Queens Plaza,QUEENS PLAZA,EMR,E
F09S,10,E,Court Sq,COURT SQ-23 ST,EMG,E
F11S,11,E,Lexington Av/53 St,LEXINGTON AV/53,EM6,E
F12S,12,E,5 Av/53 St,5 AV/53 ST,EM,E
D14S,13,E,7 Av,7 AV,BDE,E
A25S,14,E,50 St,50 ST,CE,E
A27S,15,E,42 St - Port Authority Bus Terminal,42 ST-PORT AUTH,ACENGRS1237W,E
A28S,16,E,34 St - Penn Station,34 ST-PENN STA,123ACE,E
A30S,17,E,23 St,23 ST,CE,E
A31S,18,E,14 St,14 ST,ACEL,E
A32S,19,E,W 4 St - Wash Sq,W 4 ST-WASH SQ,ABCDEFM,E
A33S,20,E,Spring St,SPRING ST,CE,E
A34S,21,E,Canal St,CANAL ST,ACE,E
E01S,22,E,World Trade Center,WORLD TRADE CTR,ACE23,E
F01S,1,F,Jamaica - 179 St,JAMAICA 179 ST,F,F
F02S,2,F,169 St,169 ST,F,F
F03S,3,F,Parsons Blvd,PARSONS BLVD,F,F
F04S,4,F,Sutphin Blvd,SUTPHIN BLVD,F,F
F05S,5,F,Briarwood,BRIARWOOD,EF,F
F06S,6,F,Kew Gardens - Union Tpke,KEW GARDENS,EF,F
F07S,7,F,75 Av,75 AV,EF,F
G08S,8,F,Forest Hills - 71 Av,FOREST HILLS 71,EFMR,F
G14S,9,F,Jackson Hts - Roosevelt Av,JKSN HT-ROOSVLT,EFMR7,F
B04S,10,F,21 St - Queensbridge,21 ST-QNSBRIDGE,F,F
B06S,11,F,Roosevelt Island,ROOSEVELT ISLND,F,F
B08S,12,F,Lexington Av/63 St,LEXINGTON AV/63,F,F
B10S,13,F,57 St,57 ST,F,F
D15S,14,F,47-50 Sts - Rockefeller Ctr,47-50 STS ROCK,BDFM,F
D16S,15,F,42 St - Bryant Pk,42 ST-BRYANT PK,BDFM7,F
D17S,16,F,34 St - Herald Sq,34 ST-HERALD SQ,BDFMNQRW,F
D18S,17,F,23 St,23 ST,FM,F
D19S,18,F,14 St,14 ST,123FLM,F
D20S,19,F,W 4 St - Wash Sq,W 4 ST-WASH SQ,ABCDEFM,F
D21S,20,F,Broadway-Lafayette St,B'WAY-LAFAYETTE,BDFQ6,F
F14S,21,F,2 Av,2 AV,F,F
F15S,22,F,Delancey St - Essex St,DELANCEY/ESSEX,FJMZ,F
F16S,23,F,East Broadway,EAST BROADWAY,F,F
F18S,24,F,York St,YORK ST,F,F
A41S,25,F,Jay St - MetroTech,JAY ST-METROTEC,ACF,F
F20S,26,F,Bergen St,BERGEN ST,FG,F
F21S,27,F,Carroll St,CARROLL ST,FG,F
F22S,28,F,Smith - 9 Sts,SMITH-9 ST,FG,F
F23S,29,F,4 Av - 9 St,4 AV-9 ST,DFGMNR,F
F23S,29,F,4 Av - 9 St,4AV-9 ST,DFGMNR,F
F24S,30,F,7 Av,7 AV,FG,F
F25S,31,F,15 St - Prospect Park,15 ST-PROSPECT,FG,F
F26S,32,F,Fort Hamilton Pkwy,FT HAMILTON PKY,FG,F
F27S,33,F,Church Av,CHURCH AV,FG,F
F29S,34,F,Ditmas Av,DITMAS AV,F,F
F30S,35,F,18 Av,18 AV,F,F
F31S,36,F,Avenue I,AVENUE I,F,F
F32S,37,F,Bay Pkwy,BAY PKWY,F,F
F33S,38,F,Avenue N,AVENUE N,F,F
F34S,39,F,Avenue P,AVENUE P,F,F
F35S,40,F,Kings Hwy,KINGS HWY,F,F
F36S,41,F,Avenue U,AVENUE U,F,F
F38S,42,F,Avenue X,AVENUE X,F,F
F39S,43,F,Neptune Av,NEPTUNE AV,F,F
D42S,44,F,W 8 St - NY Aquarium,W 8 ST-AQUARIUM,FQ,F
D43S,45,F,Coney Island - Stillwell Av,CONEY IS-STILLW,DFNQ,F
G22S,1,G,Court Sq - 23 St,COURT SQ,EMG,G
G24S,2,G,21 St,21 ST,G,G
G26S,3,G,Greenpoint Av,GREENPOINT AV,G,G
G28S,4,G,Nassau Av,NASSAU AV,G,G
G29S,5,G,Metropolitan Av,METROPOLITAN AV,GL,G
G30S,6,G,Broadway,BROADWAY,G,G
G31S,7,G,Flushing Av,FLUSHING AV,G,G
G32S,8,G,Myrtle - Willoughby Avs,MYRTLE-WILLOUGH,G,G
G33S,9,G,Bedford - Nostrand Avs,BEDFORD-NOSTRAN,G,G
G34S,10,G,Classon Av,CLASSON AV,G,G
G35S,11,G,Clinton - Washington Avs,CLINTON-WASH AV,G,G
G36S,12,G,Fulton St,FULTON ST,G,G
A42S,13,G,Hoyt - Schermerhorn Sts,HOYT-SCHER,ACG,G
F20S,14,G,Bergen St,BERGEN ST,FG,G
F21S,15,G,Carroll St,CARROLL ST,FG,G
F22S,16,G,Smith - 9 Sts,SMITH-9 ST,FG,G
F23S,17,G,4 Av - 9 St,4 AV-9 ST,DFGMNR,G
F23S,17,G,4 Av - 9 St,4AV-9 ST,DFGMNR,G
F24S,18,G,7 Av,7 AV,FG,G
F25S,19,G,15 St - Prospect Park,15 ST-PROSPECT,FG,G
F26S,20,G,Fort Hamilton Pkwy,FT HAMILTON PKY,FG,G
F27S,21,G,Church Av,CHURCH AV,FG,G
G05S,1,J,Jamaica Center - Parsons/Archer,JAMAICA CENTER,EJZ,J
G06S,2,J,Sutphin Blvd - Archer Av - JFK Airport,SUTPHIN-ARCHER,EJZ,J
J12S,3,J,121 St,121 ST,JZ,J
J13S,4,J,111 St,111 ST,J,J
J14S,5,J,104 St,104 ST,JZ,J
J15S,6,J,Woodhaven Blvd,WOODHAVEN BLVD,JZ,J
J16S,7,J,85 St - Forest Pkwy,85 ST-FOREST PK,J,J
J17S,8,J,75 St - Elder Ln,75 ST-ELDERTS,JZ,J
J19S,9,J,Cypress Hills,CYPRESS HILLS,J,J
J20S,10,J,Crescent St,CRESCENT ST,JZ,J
J21S,11,J,Norwood Av,NORWOOD AV,JZ,J
J22S,12,J,Cleveland St,CLEVELAND ST,J,J
J23S,13,J,Van Siclen Av,VAN SICLEN AV,JZ,J
J24S,14,J,Alabama Av,ALABAMA AV,J,J
J27S,15,J,Broadway Jct,BROADWAY JCT,ACJLZ,J
J28S,16,J,Chauncey St,CHAUNCEY ST,JZ,J
J29S,17,J,Halsey St,HALSEY ST,J,J
J30S,18,J,Gates Av,GATES AV,JZ,J
J31S,19,J,Kosciuszko St,KOSCIUSZKO ST,J,J
M11S,20,J,Myrtle Av,MYRTLE AV,JMZ,J
M12S,21,J,Flushing Av,FLUSHING AV,JM,J
M13S,22,J,Lorimer St,LORIMER ST,JM,J
M14S,23,J,Hewes St,HEWES ST,JM,J
M16S,24,J,Marcy Av,MARCY AV,JMZ,J
M18S,25,J,Delancy St - Essex St,DELANCEY/ESSEX,FJMZ,J
M19S,26,J,Bowery,BOWERY,JZ,J
M20S,27,J,Canal St,CANAL ST,JNQRZ6W,J
M21S,28,J,Chambers St,CHAMBERS ST,JZ456,J
M22S,29,J,Fulton St,FULTON ST,2345ACJZ,J
M23S,30,J,Broad St,BROAD ST,JZ,J
G08S,1,M,Forest Hills - 71 Av,FOREST HILLS 71,EFMR,M
G09S,2,M,67 Av,67 AV,MR,M
G10S,3,M,63 Dr - Rego Park,63 DR-REGO PARK,MR,M
G11S,4,M,Woodhaven Blvd,WOODHAVEN BLVD,MR,M
G12S,5,M,Grand Av - Newtown,GRAND-NEWTOWN,MR,M
G13S,6,M,Elmhurst Av,ELMHURST AV,MR,M
G14S,7,M,Jackson Hts - Roosevelt Av,JKSN HT-ROOSVLT,EFMR7,M
G15S,8,M,65 St,65 ST,MR,M
G16S,9,M,Northern Blvd,NORTHERN BLVD,MR,M
G18S,10,M,46 St,46 ST,MR,M
G19S,11,M,Steinway St,STEINWAY ST,MR,M
G20S,12,M,36 St,36 ST,MR,M
G21S,13,M,Queens Plaza,QUEENS PLAZA,EMR,M
F09S,14,M,Court Sq,COURT SQ-23 ST,EMG,M
F11S,15,M,Lexington Av/53 St,LEXINGTON AV/53,EM6,M
F12S,16,M,5 Av/53 St,5 AV/53 ST,EM,M
D15S,17,M,47-50 Sts - Rockefeller Ctr,47-50 STS ROCK,BDFM,M
D16S,18,M,42 St - Bryant Pk,42 ST-BRYANT PK,BDFM7,M
D17S,19,M,34 St - Herald Sq,34 ST-HERALD SQ,BDFMNQRW,M
D18S,20,M,23 St,23 ST,FM,M
D19S,21,M,14 St,14 ST,123FLM,M
D20S,22,M,W 4 St - Wash Sq,W 4 ST-WASH SQ,ABCDEFM,M
D21S,23,M,Broadway-Lafayette St,B'WAY-LAFAYETTE,BDFQ6,M
M18S,24,M,Delancy St - Essex St,DELANCEY/ESSEX,FJMZ,M
M16S,25,M,Marcy Av,MARCY AV,JMZ,M
M14S,26,M,Hewes St,HEWES ST,JM,M
M13S,27,M,Lorimer St,LORIMER ST,JM,M
M12S,28,M,Flushing Av,FLUSHING AV,JM,M
M11S,29,M,Myrtle Av,MYRTLE AV,JMZ,M
M10S,30,M,Central Av,CENTRAL AV,M,M
M09S,31,M,Knickerbocker Av,KNICKERBOCKER,M,M
M08S,32,M,Myrtle - Wyckoff Avs,MYRTLE-WYCKOFF,LM,M
M06S,33,M,Seneca Av,SENECA AVE,M,M
M05S,34,M,Forest Av,FOREST AVE,M,M
M04S,35,M,Fresh Pond Rd,FRESH POND RD,M,M
M01S,36,M,Middle Village - Metropolitan Av,METROPOLITAN AV,M,M
R01S,1,N,Astoria - Ditmars Blvd,ASTORIA DITMARS,NQW,N
R03S,2,N,Astoria Blvd,ASTORIA BLVD,NQW,N
R04S,3,N,30 Av,30 AV,NQW,N
R05S,4,N,Broadway,BROADWAY,NQW,N
R06S,5,N,36 Av,36 AV,NQW,N
R08S,6,N,39 Av - Dutch Kills,39 AV,NQW,N
R09S,7,N,Queensboro Plaza,QUEENSBORO PLZ,7NQW,N
R11S,8,N,Lexington Av/59 St,59 ST,456NQRW,N
R13S,9,N,5 Av/59 St,5 AV/59 ST,NQRW,N
R14S,10,N,57 St - 7 Av,57 ST-7 AV,NQRW,N
R15S,11,N,49 St,49 ST,NQRW,N
R16S,12,N,Times Sq - 42 St,TIMES SQ-42 ST,1237ACENQRSW,N
R17S,13,N,34 St - Herald Sq,34 ST-HERALD SQ,BDFMNQRW,N
R20S,14,N,14 St - Union Sq,14 ST-UNION SQ,456LNQRW,N
Q01S,15,N,Canal St,CANAL ST,JNQRZ6W,N
R31S,16,N,Atlantic Av - Barclays Ctr,ATL AV-BARCLAY,2345BDNQR,N
R36S,17,N,36 St,36 ST,DNR,N
R41S,18,N,59 St,59 ST,456NQRW,N
N02S,19,N,8 Av,8 AV,N,N
N03S,20,N,Fort Hamilton Pkwy,FT HAMILTON PKY,N,N
N04S,21,N,New Utrecht Av,NEW UTRECHT AV,ND,N
N05S,22,N,18 Av,18 AV,N,N
N06S,23,N,20 Av,20 AV,N,N
N07S,24,N,Bay Pkwy,BAY PKWY,N,N
N08S,25,N,Kings Hwy,KINGS HWY,N,N
N09S,26,N,Avenue U,AVENUE U,N,N
N10S,27,N,86 St,86 ST,N,N
D43S,28,N,Coney Island - Stillwell Av,CONEY IS-STILLW,DFNQ,N
Q05S,1,Q,96 St,96 ST-2 AVE,Q,Q
Q04S,2,Q,86 St,86 ST-2 AVE,Q,Q
Q03S,3,Q,72 St,72 ST-2 AVE,Q,Q
B08S,4,Q,Lexington Av/63 St,LEXINGTON AV/63,F,Q
R14S,5,Q,57 St - 7 Av,57 ST-7 AV,NQRW,Q
R16S,6,Q,Times Sq - 42 St,TIMES SQ-42 ST,1237ACENQRSW,Q
R17S,7,Q,34 St - Herald Sq,34 ST-HERALD SQ,BDFMNQRW,Q
R20S,8,Q,14 St - Union Sq,14 ST-UNION SQ,456LNQRW,Q
Q01S,9,Q,Canal St,CANAL ST,JNQRZ6W,Q
R30S,10,Q,DeKalb Av,DEKALB AV,BDNQR,Q
D24S,11,Q,Atlantic Av - Barclays Ctr,ATL AV-BARCLAY,2345BDNQR,Q
D25S,12,Q,7 Av,7 AV,BQ,Q
D26S,13,Q,Prospect Park,PROSPECT PARK,BQS,Q
D27S,14,Q,Parkside Av,PARKSIDE AV,BQ,Q
D28S,15,Q,Church Av,CHURCH AV,BQ,Q
D29S,16,Q,Beverley Rd,BEVERLEY ROAD,BQ,Q
D30S,17,Q,Cortelyou Rd,CORTELYOU RD,BQ,Q
D31S,18,Q,Newkirk Plaza,NEWKIRK PLAZA,BQ,Q
D32S,19,Q,Avenue H,AVENUE H,BQ,Q
D33S,20,Q,Avenue J,AVENUE J,BQ,Q
D34S,21,Q,Avenue M,AVENUE M,BQ,Q
D35S,22,Q,Kings Hwy,KINGS HWY,BQ,Q
D37S,23,Q,Avenue U,AVENUE U,BQ,Q
D38S,24,Q,Neck Rd,NECK RD,BQ,Q
D39S,25,Q,Sheepshead Bay,SHEEPSHEAD BAY,BQ,Q
D40S,26,Q,Brighton Beach,BRIGHTON BEACH,BQ,Q
D41S,27,Q,Ocean Pkwy,OCEAN PKWY,Q,Q
D42S,28,Q,W 8 St - NY Aquarium,W 8 ST-AQUARIUM,FQ,Q
D43S,29,Q,Coney Island - Stillwell Av,CONEY IS-STILLW,DFNQ,Q
G08S,1,R,Forest Hills - 71 Av,FOREST HILLS 71,EFMR,R
G09S,2,R,67 Av,67 AV,MR,R
G10S,3,R,63 Dr - Rego Park,63 DR-REGO PARK,MR,R
G11S,4,R,Woodhaven Blvd,WOODHAVEN BLVD,MR,R
G12S,5,R,Grand Av - Newtown,GRAND-NEWTOWN,MR,R
G13S,6,R,Elmhurst Av,ELMHURST AV,MR,R
G14S,7,R,Jackson Hts - Roosevelt Av,JKSN HT-ROOSVLT,EFMR7,R
G15S,8,R,65 St,65 ST,MR,R
G16S,9,R,Northern Blvd,NORTHERN BLVD,MR,R
G18S,10,R,46 St,46 ST,MR,R
G19S,11,R,Steinway St,STEINWAY ST,MR,R
G20S,12,R,36 St,36 ST,DNR,R
G21S,13,R,Queens Plaza,QUEENS PLAZA,EMR,R
R11S,14,R,Lexington Av/59 St,59 ST,456NQRW,R
R13S,15,R,5 Av/59 St,5 AV/59 ST,NQRW,R
R14S,16,R,57 St - 7 Av,57 ST-7 AV,NQRW,R
R15S,17,R,49 St,49 ST,NQRW,R
R16S,18,R,Times Sq - 42 St,TIMES SQ-42 ST,1237ACENQRSW,R
R17S,19,R,34 St - Herald Sq,34 ST-HERALD SQ,BDFMNQRW,R
R18S,20,R,28 St,28 ST,NRW,R
R19S,21,R,23 St,23 ST,NRW,R
R20S,22,R,14 St - Union Sq,14 ST-UNION SQ,456LNQRW,R
R21S,23,R,8 St - NYU,8 ST-NYU,NRW,R
R22S,24,R,Prince St,PRINCE ST,NRW,R
R23S,25,R,Canal St,CANAL ST,JNQRZ6W,R
R24S,26,R,City Hall,CITY HALL,NRW,R
R25S,27,R,Cortlandt St,CORTLANDT ST,RNW,R
R26S,28,R,Rector St,RECTOR ST,NRW,R
R27S,29,R,Whitehall St - South Ferry,WHITEHALL S-FRY,R1W,R
R28S,30,R,Court St,BOROUGH HALL,2345R,R
R29S,31,R,Jay St - MetroTech,JAY ST-METROTEC,R,R
R30S,32,R,DeKalb Av,DEKALB AV,BDNQR,R
R31S,33,R,Atlantic Av - Barclays Ctr,ATL AV-BARCLAY,2345BDNQR,R
R32S,34,R,Union St,UNION ST,R,R
R33S,35,R,4 Av - 9 St,4 AV-9 ST,DFGMNR,R
R34S,36,R,Prospect Av,PROSPECT AV,R,R
R35S,37,R,25 St,25 ST,R,R
R36S,38,R,36 St,36 ST,DNR,R
R39S,39,R,45 St,45 ST,R,R
R40S,40,R,53 St,53 ST,R,R
R41S,41,R,59 St,59 ST,456NQRW,R
R42S,42,R,Bay Ridge Av,BAY RIDGE AV,R,R
R43S,43,R,77 St,77 ST,R,R
R44S,44,R,86 St,86 ST,R,R
R45S,45,R,Bay Ridge - 95 St,BAY RIDGE-95 ST,R,R
R01S,1,W,Astoria - Ditmars Blvd,ASTORIA DITMARS,NQW,W
R03S,2,W,Astoria Blvd,ASTORIA BLVD,NQW,W
R04S,3,W,30 Av,30 AV,NQW,W
R05S,4,W,Broadway,BROADWAY,NQW,W
R06S,5,W,36 Av,36 AV,NQW,W
R08S,6,W,39 Av - Dutch Kills,39 AV,NQW,W
R09S,7,W,Queensboro Plaza,QUEENSBORO PLZ,7NQW,W
R11S,8,W,Lexington Av/59 St,59 ST,456NQRW,W
R13S,9,W,5 Av/59 St,5 AV/59 ST,NQRW,W
R14S,10,W,57 St - 7 Av,57 ST-7 AV,NQRW,W
R15S,11,W,49 St,49 ST,NQRW,W
R16S,12,W,Times Sq - 42 St,TIMES SQ-42 ST,1237ACENQRSW,W
R17S,13,W,34 St - Herald Sq,34 ST-HERALD SQ,BDFMNQRW,W
R18S,14,W,28 St,28 ST,NRW,W
R19S,15,W,23 St,23 ST,NRW,W
R20S,16,W,14 St - Union Sq,14 ST-UNION SQ,456LNQRW,W
R21S,17,W,8 St - NYU,8 ST-NYU,NRW,W
R22S,18,W,Prince St,PRINCE ST,NRW,W
R23S,19,W,Canal St,CANAL ST,JNQRZ6W,W
R24S,20,W,City Hall,CITY HALL,NRW,W
R25S,21,W,Cortlandt St,CORTLANDT ST,RNW,W
R26S,22,W,Rector St,RECTOR ST,NRW,W
R27S,23,W,Whitehall St - South Ferry,WHITEHALL S-FRY,R1W,W
G05S,1,Z,Jamaica Center - Parsons/Archer,JAMAICA CENTER,EJZ,Z
G06S,2,Z,Sutphin Blvd - Archer Av - JFK Airport,SUTPHIN-ARCHER,EJZ,Z
J12S,3,Z,121 St,121 ST,JZ,Z
J14S,4,Z,104 St,104 ST,JZ,Z
J15S,5,Z,Woodhaven Blvd,WOODHAVEN BLVD,JZ,Z
J17S,6,Z,75 St - Elder Ln,75 ST-ELDERTS,JZ,Z
J20S,7,Z,Crescent St,CRESCENT ST,JZ,Z
J21S,8,Z,Norwood Av,NORWOOD AV,JZ,Z
J23S,9,Z,Van Siclen Av,VAN SICLEN AV,JZ,Z
J24S,10,Z,Alabama Av,ALABAMA AV,J,Z
J27S,11,Z,Broadway Jct,BROADWAY JCT,ACJLZ,Z
J28S,12,Z,Chauncey St,CHAUNCEY ST,JZ,Z
J30S,13,Z,Gates Av,GATES AV,JZ,Z
M11S,14,Z,Myrtle Av,MYRTLE AV,JMZ,Z
M16S,15,Z,Marcy Av,MARCY AV,JMZ,Z
M18S,16,Z,Delancy St - Essex St,DELANCEY/ESSEX,FJMZ,Z
M19S,17,Z,Bowery,BOWERY,JZ,Z
M20S,18,Z,Canal St,CANAL ST,JNQRZ6W,Z
M21S,19,Z,Chambers St,CHAMBERS ST,JZ456,Z
M22S,20,Z,Fulton St,FULTON ST,2345ACJZ,Z
M23S,21,Z,Broad St,BROAD ST,JZ,Z
